refcode,pick,cation_lbl,ox. state,BVS,anion_lbl,d,r0,bv
BODGAE01,0,Fe1,3,2.5830363485588994,N2,1.939,1.7041371134427503,0.53006027193858207
BODGAE01,0,Fe1,3,2.5830363485588994,N4,1.943,1.7041371134427503,0.52436075433376439
BODGAE01,0,Fe1,3,2.5830363485588994,N6,1.996,1.7041371134427503,0.45438127876864048
BODGAE01,0,Fe1,3,2.5830363485588994,N5,2.023,1.7041371134427503,0.42240463007858914
BODGAE01,0,Fe1,3,2.5830363485588994,N1,2.113,1.7041371134427503,0.3311993468536848
BODGAE01,0,Fe1,3,2.5830363485588994,N3,2.125,1.7041371134427503,0.32063006658563875
MODXOS,0,Fe1,3,2.63572420859398,N2B,2.008,1.7041371134427503,0.43988099931615543
MODXOS,0,Fe1,3,2.63572420859398,N2A,2.008,1.7041371134427503,0.43988099931615543
MODXOS,0,Fe1,3,2.63572420859398,N1B,2.008,1.7041371134427503,0.43988099931615543
MODXOS,0,Fe1,3,2.63572420859398,N1A,2.009,1.7041371134427503,0.43869373688183777
MODXOS,0,Fe1,3,2.63572420859398,N1,2.009,1.7041371134427503,0.43869373688183777
MODXOS,0,Fe1,3,2.63572420859398,N2,2.009,1.7041371134427503,0.43869373688183777
RIXTEX,0,Fe1,3,2.6539598209629958,N3A,1.998,1.7041371134427503,0.45193178995249039
RIXTEX,0,Fe1,3,2.6539598209629958,N3,1.998,1.7041371134427503,0.45193178995249039
RIXTEX,0,Fe1,3,2.6539598209629958,N2A,2.007,1.7041371134427503,0.44107147490801202
RIXTEX,0,Fe1,3,2.6539598209629958,N2,2.007,1.7041371134427503,0.44107147490801202
RIXTEX,0,Fe1,3,2.6539598209629958,N1A,2.013,1.7041371134427503,0.43397664562099536
RIXTEX,0,Fe1,3,2.6539598209629958,N1,2.013,1.7041371134427503,0.43397664562099536
GITHOI,0,Fe1,3,2.6628837340683327,N3,1.895,1.7041371134427503,0.59699553818530648
GITHOI,0,Fe1,3,2.6628837340683327,N6,1.898,1.7041371134427503,0.59217460455837834
GITHOI,0,Fe1,3,2.6628837340683327,N2,1.941,1.7041371134427503,0.52720281110410938
GITHOI,0,Fe1,3,2.6628837340683327,N4,1.954,1.7041371134427503,0.50900110128796394
GITHOI,0,Fe1,3,2.6628837340683327,N5,2.01,1.7041371134427503,0.43750967893257436
SUMXIH,0,Fe1,3,2.675749913645932,N4,1.874,1.7041371134427503,0.63185908113368972
SUMXIH,0,Fe1,3,2.675749913645932,N1,1.876,1.7041371134427503,0.62845284098925869
SUMXIH,0,Fe1,3,2.675749913645932,N2,1.91,1.7041371134427503,0.57327704505938015
SUMXIH,0,Fe1,3,2.675749913645932,N3,1.911,1.7041371134427503,0.57172973953558182
SUMXIH,0,Fe1,3,2.675749913645932,N5,2.188,1.7041371134427503,0.27043120692802169
RIQSUF,0,Fe1,3,2.6831127176371727,N5,1.731,1.7041371134427503,0.92997051643013429
RIQSUF,0,Fe1,3,2.6831127176371727,N3,1.998,1.7041371134427503,0.45193178995249039
RIQSUF,0,Fe1,3,2.6831127176371727,N2,2.0,1.7041371134427503,0.44949550589573695
RIQSUF,0,Fe1,3,2.6831127176371727,N4,2.017,1.7041371134427503,0.42931027528022181
RIQSUF,0,Fe1,3,2.6831127176371727,N1,2.023,1.7041371134427503,0.42240463007858914
FIZYEU,0,Fe1B,3,2.7107622469534474,N3,1.938,1.7041371134427503,0.53149480495304935
FIZYEU,0,Fe1,3,2.7107622469534474,N3B,1.938,1.7041371134427503,0.53149480495304935
FIZYEU,0,Fe1B,3,2.7107622469534474,N2B,1.954,1.7041371134427503,0.50900110128796394
FIZYEU,0,Fe1,3,2.7107622469534474,N2,1.954,1.7041371134427503,0.50900110128796394
FIZYEU,0,Fe1B,3,2.7107622469534474,N6B,1.965,1.7041371134427503,0.49409136547898447
FIZYEU,0,Fe1,3,2.7107622469534474,N6,1.965,1.7041371134427503,0.49409136547898447
FIZYEU,0,Fe1B,3,2.7107622469534474,N5B,2.002,1.7041371134427503,0.44707235541386631
FIZYEU,0,Fe1,3,2.7107622469534474,N5,2.002,1.7041371134427503,0.44707235541386631
FIZYEU,0,Fe1B,3,2.7107622469534474,N1B,2.077,1.7041371134427503,0.36504394651519889
FIZYEU,0,Fe1,3,2.7107622469534474,N1,2.077,1.7041371134427503,0.36504394651519889
FIZYEU,0,Fe1B,3,2.7107622469534474,N4,2.078,1.7041371134427503,0.36405867330438429
FIZYEU,0,Fe1,3,2.7107622469534474,N4B,2.078,1.7041371134427503,0.36405867330438429
IHEVEW,0,Fe1,3,2.7228412233841812,N5,1.958,1.7041371134427503,0.50352802418476528
IHEVEW,0,Fe1,3,2.7228412233841812,N3,1.971,1.7041371134427503,0.48614368785826872
IHEVEW,0,Fe1,3,2.7228412233841812,N7,2.003,1.7041371134427503,0.4458656831233373
IHEVEW,0,Fe1,3,2.7228412233841812,N1,2.005,1.7041371134427503,0.44346210037169914
IHEVEW,0,Fe1,3,2.7228412233841812,N2,2.016,1.7041371134427503,0.43047214270538647
IHEVEW,0,Fe1,3,2.7228412233841812,N4,2.031,1.7041371134427503,0.41336958514072425
RIQSUF01,0,Fe1,3,2.7350443487525844,N5,1.722,1.7041371134427503,0.95286878431883404
RIQSUF01,0,Fe1,3,2.7350443487525844,N2,1.988,1.7041371134427503,0.46431271886528325
RIQSUF01,0,Fe1,3,2.7350443487525844,N3,1.993,1.7041371134427503,0.45808042758285888
RIQSUF01,0,Fe1,3,2.7350443487525844,N1,2.016,1.7041371134427503,0.43047214270538647
RIQSUF01,0,Fe1,3,2.7350443487525844,N4,2.017,1.7041371134427503,0.42931027528022181
ZAWJIQ,0,Fe1,3,2.740488341016559,N3A,1.975,1.7041371134427503,0.48091638701324291
ZAWJIQ,0,Fe1,3,2.740488341016559,N3,1.975,1.7041371134427503,0.48091638701324291
ZAWJIQ,0,Fe1,3,2.740488341016559,N1A,2.003,1.7041371134427503,0.4458656831233373
ZAWJIQ,0,Fe1,3,2.740488341016559,N1,2.003,1.7041371134427503,0.4458656831233373
ZAWJIQ,0,Fe1,3,2.740488341016559,N2A,2.005,1.7041371134427503,0.44346210037169914
ZAWJIQ,0,Fe1,3,2.740488341016559,N2,2.005,1.7041371134427503,0.44346210037169914
XAKREG,0,Fe2,3,2.7514954348653071,N7A,1.987,1.7041371134427503,0.46556931544403291
XAKREG,0,Fe2,3,2.7514954348653071,N7,1.987,1.7041371134427503,0.46556931544403291
XAKREG,0,Fe2,3,2.7514954348653071,N6A,1.988,1.7041371134427503,0.46431271886528325
XAKREG,0,Fe2,3,2.7514954348653071,N6,1.988,1.7041371134427503,0.46431271886528325
XAKREG,0,Fe2,3,2.7514954348653071,N5A,2.003,1.7041371134427503,0.4458656831233373
XAKREG,0,Fe2,3,2.7514954348653071,N5,2.003,1.7041371134427503,0.4458656831233373
XELDOJ,0,Fe1,3,2.7552606032487983,N2,1.877,1.7041371134427503,0.62675661302986319
XELDOJ,0,Fe1,3,2.7552606032487983,N3,1.886,1.7041371134427503,0.61169510502125424
XELDOJ,0,Fe1,3,2.7552606032487983,N4,1.927,1.7041371134427503,0.54753322958330519
XELDOJ,0,Fe1,3,2.7552606032487983,N1,1.929,1.7041371134427503,0.54458157513581251
XELDOJ,0,Fe1,3,2.7552606032487983,N5,2.021,1.7041371134427503,0.424694080478563
XAKREG,0,Fe1,3,2.7601365790082277,N3A,1.975,1.7041371134427503,0.48091638701324291
XAKREG,0,Fe1,3,2.7601365790082277,N3,1.975,1.7041371134427503,0.48091638701324291
XAKREG,0,Fe1,3,2.7601365790082277,N1A,1.993,1.7041371134427503,0.45808042758285888
XAKREG,0,Fe1,3,2.7601365790082277,N1,1.993,1.7041371134427503,0.45808042758285888
XAKREG,0,Fe1,3,2.7601365790082277,N2A,2.007,1.7041371134427503,0.44107147490801202
XAKREG,0,Fe1,3,2.7601365790082277,N2,2.007,1.7041371134427503,0.44107147490801202
RIXTEX01,0,Fe1,3,2.769900538762244,N3A,1.973,1.7041371134427503,0.48352297353289464
RIXTEX01,0,Fe1,3,2.769900538762244,N3,1.973,1.7041371134427503,0.48352297353289464
RIXTEX01,0,Fe1,3,2.769900538762244,N2A,1.998,1.7041371134427503,0.45193178995249039
RIXTEX01,0,Fe1,3,2.769900538762244,N2,1.998,1.7041371134427503,0.45193178995249039
RIXTEX01,0,Fe1,3,2.769900538762244,N1A,2.0,1.7041371134427503,0.44949550589573695
RIXTEX01,0,Fe1,3,2.769900538762244,N1,2.0,1.7041371134427503,0.44949550589573695
KEHYIF,0,Fe1,3,2.7721512180298675,N3A,1.981,1.7041371134427503,0.47318063473431909
KEHYIF,0,Fe1,3,2.7721512180298675,N3,1.981,1.7041371134427503,0.47318063473431909
KEHYIF,0,Fe1,3,2.7721512180298675,N2A,1.983,1.7041371134427503,0.47062980192725118
KEHYIF,0,Fe1,3,2.7721512180298675,N2,1.983,1.7041371134427503,0.47062980192725118
KEHYIF,0,Fe1,3,2.7721512180298675,N1A,2.006,1.7041371134427503,0.4422651723533636
KEHYIF,0,Fe1,3,2.7721512180298675,N1,2.006,1.7041371134427503,0.4422651723533636
YIBCAN,0,Fe1,3,2.779171323397521,N11,1.951,1.7041371134427503,0.51314491378254501
YIBCAN,0,Fe1,3,2.779171323397521,N4,1.981,1.7041371134427503,0.47318063473431909
YIBCAN,0,Fe1,3,2.779171323397521,N1,1.989,1.7041371134427503,0.4630595139081658
YIBCAN,0,Fe1,3,2.779171323397521,N3,1.991,1.7041371134427503,0.46056324226686107
YIBCAN,0,Fe1,3,2.779171323397521,N2,2.007,1.7041371134427503,0.44107147490801202
YIBCAN,0,Fe1,3,2.779171323397521,N10,2.018,1.7041371134427503,0.42815154379761811
FEJDED,0,Fe1,3,2.7844510407520917,N3A,1.977,1.7041371134427503,0.47832385213882073
FEJDED,0,Fe1,3,2.7844510407520917,N3,1.977,1.7041371134427503,0.47832385213882073
FEJDED,0,Fe1,3,2.7844510407520917,N1A,1.986,1.7041371134427503,0.46682931282335882
FEJDED,0,Fe1,3,2.7844510407520917,N1,1.986,1.7041371134427503,0.46682931282335882
FEJDED,0,Fe1,3,2.7844510407520917,N2A,2.002,1.7041371134427503,0.44707235541386631
FEJDED,0,Fe1,3,2.7844510407520917,N2,2.002,1.7041371134427503,0.44707235541386631
FILSAU,0,Fe1,3,2.7860863225716157,N3A,1.983,1.7041371134427503,0.47062980192725118
FILSAU,0,Fe1,3,2.7860863225716157,N3,1.983,1.7041371134427503,0.47062980192725118
FILSAU,0,Fe1,3,2.7860863225716157,N1A,1.987,1.7041371134427503,0.46556931544403291
FILSAU,0,Fe1,3,2.7860863225716157,N1,1.987,1.7041371134427503,0.46556931544403291
FILSAU,0,Fe1,3,2.7860863225716157,N2A,1.994,1.7041371134427503,0.45684404391452399
FILSAU,0,Fe1,3,2.7860863225716157,N2,1.994,1.7041371134427503,0.45684404391452399
YIBCAN,0,Fe2,3,2.793448803232768,N12,1.963,1.7041371134427503,0.49676936092166918
YIBCAN,0,Fe2,3,2.793448803232768,N8,1.97,1.7041371134427503,0.48745936686106783
YIBCAN,0,Fe2,3,2.793448803232768,N5,1.991,1.7041371134427503,0.46056324226686107
YIBCAN,0,Fe2,3,2.793448803232768,N6,1.994,1.7041371134427503,0.45684404391452399
YIBCAN,0,Fe2,3,2.793448803232768,N7,1.998,1.7041371134427503,0.45193178995249039
YIBCAN,0,Fe2,3,2.793448803232768,N14,2.008,1.7041371134427503,0.43988099931615543
VOFMAE,0,Fe1,3,2.8230163870958651,N3A,1.974,1.7041371134427503,0.48221791906703315
VOFMAE,0,Fe1,3,2.8230163870958651,N1A,1.974,1.7041371134427503,0.48221791906703315
VOFMAE,0,Fe1,3,2.8230163870958651,N1,1.974,1.7041371134427503,0.48221791906703315
VOFMAE,0,Fe1,3,2.8230163870958651,N3,1.974,1.7041371134427503,0.48221791906703315
VOFMAE,0,Fe1,3,2.8230163870958651,N2A,2.002,1.7041371134427503,0.44707235541386631
VOFMAE,0,Fe1,3,2.8230163870958651,N2,2.002,1.7041371134427503,0.44707235541386631
LAYXIS,0,Fe1,3,2.8230275015387813,N4,1.927,1.7041371134427503,0.54753322958330519
LAYXIS,0,Fe1,3,2.8230275015387813,N1,1.955,1.7041371134427503,0.50762727998737334
LAYXIS,0,Fe1,3,2.8230275015387813,N10,2.006,1.7041371134427503,0.4422651723533636
LAYXIS,0,Fe1,3,2.8230275015387813,N9,2.006,1.7041371134427503,0.4422651723533636
LAYXIS,0,Fe1,3,2.8230275015387813,N7,2.006,1.7041371134427503,0.4422651723533636
LAYXIS,0,Fe1,3,2.8230275015387813,N8,2.007,1.7041371134427503,0.44107147490801202
FEJDED,0,Fe2,3,2.8281645781561693,N7A,1.964,1.7041371134427503,0.49542855374504818
FEJDED,0,Fe2,3,2.8281645781561693,N7,1.964,1.7041371134427503,0.49542855374504818
FEJDED,0,Fe2,3,2.8281645781561693,N6A,1.99,1.7041371134427503,0.46180969141851236
FEJDED,0,Fe2,3,2.8281645781561693,N6,1.99,1.7041371134427503,0.46180969141851236
FEJDED,0,Fe2,3,2.8281645781561693,N5,1.994,1.7041371134427503,0.45684404391452399
FEJDED,0,Fe2,3,2.8281645781561693,N5A,1.994,1.7041371134427503,0.45684404391452399
OBOTUU,0,Fe1,3,2.8295135300518695,N3,1.69,1.7041371134427503,1.0389477423083988
OBOTUU,0,Fe1,3,2.8295135300518695,N2,1.699,1.7041371134427503,1.0139809219893305
OBOTUU,0,Fe1,3,2.8295135300518695,N1,2.161,1.7041371134427503,0.2909032450710578
OBOTUU,0,Fe1,3,2.8295135300518695,N5,2.206,1.7041371134427503,0.25758998080871298
OBOTUU,0,Fe1,3,2.8295135300518695,N4,2.251,1.7041371134427503,0.22809163987436934
VOFMAE,0,Fe2,3,2.8529799874927524,N7A,1.965,1.7041371134427503,0.49409136547898447
VOFMAE,0,Fe2,3,2.8529799874927524,N7,1.965,1.7041371134427503,0.49409136547898447
VOFMAE,0,Fe2,3,2.8529799874927524,N5A,1.986,1.7041371134427503,0.46682931282335882
VOFMAE,0,Fe2,3,2.8529799874927524,N5,1.986,1.7041371134427503,0.46682931282335882
VOFMAE,0,Fe2,3,2.8529799874927524,N6A,1.987,1.7041371134427503,0.46556931544403291
VOFMAE,0,Fe2,3,2.8529799874927524,N6,1.987,1.7041371134427503,0.46556931544403291
AQOPAX,0,Fe1,3,2.8544717589582183,N1B,1.979,1.7041371134427503,0.47574529315970304
AQOPAX,0,Fe1,3,2.8544717589582183,N1F,1.979,1.7041371134427503,0.47574529315970304
AQOPAX,0,Fe1,3,2.8544717589582183,N1D,1.979,1.7041371134427503,0.47574529315970304
AQOPAX,0,Fe1,3,2.8544717589582183,N1J,1.979,1.7041371134427503,0.47574529315970304
AQOPAX,0,Fe1,3,2.8544717589582183,N1,1.979,1.7041371134427503,0.47574529315970304
AQOPAX,0,Fe1,3,2.8544717589582183,N1H,1.979,1.7041371134427503,0.47574529315970304
RIPFEC,0,Fe1,3,2.8562772759667556,N7,1.972,1.7041371134427503,0.48483155994373717
RIPFEC,0,Fe1,3,2.8562772759667556,N4,1.973,1.7041371134427503,0.48352297353289464
RIPFEC,0,Fe1,3,2.8562772759667556,N2,1.975,1.7041371134427503,0.48091638701324291
RIPFEC,0,Fe1,3,2.8562772759667556,N1,1.979,1.7041371134427503,0.47574529315970304
RIPFEC,0,Fe1,3,2.8562772759667556,N5,1.981,1.7041371134427503,0.47318063473431909
RIPFEC,0,Fe1,3,2.8562772759667556,N3,1.993,1.7041371134427503,0.45808042758285888
DIFYUO,0,Fe1,3,2.8935475859264121,N1,1.967,1.7041371134427503,0.49142780663435759
DIFYUO,0,Fe1,3,2.8935475859264121,N4,1.968,1.7041371134427503,0.49010141659954559
DIFYUO,0,Fe1,3,2.8935475859264121,N6,1.975,1.7041371134427503,0.48091638701324291
DIFYUO,0,Fe1,3,2.8935475859264121,N5,1.977,1.7041371134427503,0.47832385213882073
DIFYUO,0,Fe1,3,2.8935475859264121,N2,1.978,1.7041371134427503,0.47703283038074207
DIFYUO,0,Fe1,3,2.8935475859264121,N3,1.979,1.7041371134427503,0.47574529315970304
PALVED,0,Fe1,3,2.895980967671552,N4,1.958,1.7041371134427503,0.50352802418476528
PALVED,0,Fe1,3,2.895980967671552,N2,1.961,1.7041371134427503,0.49946187120936447
PALVED,0,Fe1,3,2.895980967671552,N1,1.966,1.7041371134427503,0.49275778635584466
PALVED,0,Fe1,3,2.895980967671552,N3,1.968,1.7041371134427503,0.49010141659954559
PALVED,0,Fe1,3,2.895980967671552,N5,1.989,1.7041371134427503,0.4630595139081658
PALVED,0,Fe1,3,2.895980967671552,N6,2.002,1.7041371134427503,0.44707235541386631
RIPDUQ,0,Fe1,3,2.8971223090259479,N3,1.961,1.7041371134427503,0.49946187120936447
RIPDUQ,0,Fe1,3,2.8971223090259479,N1,1.964,1.7041371134427503,0.49542855374504818
RIPDUQ,0,Fe1,3,2.8971223090259479,N4,1.97,1.7041371134427503,0.48745936686106783
RIPDUQ,0,Fe1,3,2.8971223090259479,N5,1.971,1.7041371134427503,0.48614368785826872
RIPDUQ,0,Fe1,3,2.8971223090259479,N7,1.987,1.7041371134427503,0.46556931544403291
RIPDUQ,0,Fe1,3,2.8971223090259479,N2,1.989,1.7041371134427503,0.4630595139081658
AQAKAE,0,Fe1,3,2.905644973947803,N4,1.961,1.7041371134427503,0.49946187120936447
AQAKAE,0,Fe1,3,2.905644973947803,N2,1.965,1.7041371134427503,0.49409136547898447
AQAKAE,0,Fe1,3,2.905644973947803,N3,1.972,1.7041371134427503,0.48483155994373717
AQAKAE,0,Fe1,3,2.905644973947803,N5,1.977,1.7041371134427503,0.47832385213882073
AQAKAE,0,Fe1,3,2.905644973947803,N7,1.978,1.7041371134427503,0.47703283038074207
AQAKAE,0,Fe1,3,2.905644973947803,N1,1.982,1.7041371134427503,0.47190349479615396
NICKUG,0,Fe1,3,2.9101574289486392,N5,1.752,1.7041371134427503,0.87865833621722989
NICKUG,0,Fe1,3,2.9101574289486392,N1,2.002,1.7041371134427503,0.44707235541386631
NICKUG,0,Fe1,3,2.9101574289486392,N2,2.006,1.7041371134427503,0.4422651723533636
NICKUG,0,Fe1,3,2.9101574289486392,N4,2.015,1.7041371134427503,0.43163715456009638
NICKUG,0,Fe1,3,2.9101574289486392,N3,2.02,1.7041371134427503,0.42584345482662916
NICKUG,0,Fe1,3,2.9101574289486392,N6,2.169,1.7041371134427503,0.28468095557745376
FERCUB,0,Fe2B,3,2.9305941598724834,N7B,1.695,1.7041371134427503,1.0250023458240913
FERCUB,0,Fe2,3,2.9305941598724834,N7,1.695,1.7041371134427503,1.0250023458240913
FERCUB,0,Fe2B,3,2.9305941598724834,N1B,1.696,1.7041371134427503,1.0222358094604469
FERCUB,0,Fe2,3,2.9305941598724834,N1,1.696,1.7041371134427503,1.0222358094604469
FERCUB,0,Fe2B,3,2.9305941598724834,N5B,2.004,1.7041371134427503,0.44466226770610701
FERCUB,0,Fe2,3,2.9305941598724834,N5,2.004,1.7041371134427503,0.44466226770610701
FERCUB,0,Fe2B,3,2.9305941598724834,N6,2.009,1.7041371134427503,0.43869373688183777
FERCUB,0,Fe2,3,2.9305941598724834,N6B,2.009,1.7041371134427503,0.43869373688183777
KASSOO,0,Fe1,3,2.9353948844496656,N1,1.69,1.7041371134427503,1.0389477423083988
KASSOO,0,Fe1,3,2.9353948844496656,N2,1.69,1.7041371134427503,1.0389477423083988
KASSOO,0,Fe1A,3,2.9353948844496656,N2A,1.69,1.7041371134427503,1.0389477423083988
KASSOO,0,Fe1A,3,2.9353948844496656,N1A,1.69,1.7041371134427503,1.0389477423083988
KASSOO,0,Fe1,3,2.9353948844496656,N7,2.014,1.7041371134427503,0.432805319354305
KASSOO,0,Fe1A,3,2.9353948844496656,N7A,2.014,1.7041371134427503,0.432805319354305
KASSOO,0,Fe1,3,2.9353948844496656,N5,2.021,1.7041371134427503,0.424694080478563
KASSOO,0,Fe1A,3,2.9353948844496656,N5A,2.021,1.7041371134427503,0.424694080478563
DMPZFE,0,Fe1,3,2.9365416781499531,N2,1.692,1.7041371134427503,1.0333469594543045
DMPZFE,0,Fe1,3,2.9365416781499531,N1,1.696,1.7041371134427503,1.0222358094604469
DMPZFE,0,Fe1,3,2.9365416781499531,N5,2.006,1.7041371134427503,0.4422651723533636
DMPZFE,0,Fe1,3,2.9365416781499531,N7,2.009,1.7041371134427503,0.43869373688183777
QADFEH,0,Fe1,3,2.9465499562279134,N2F,1.96,1.7041371134427503,0.50081359398816661
QADFEH,0,Fe1,3,2.9465499562279134,N2,1.96,1.7041371134427503,0.50081359398816661
QADFEH,0,Fe1,3,2.9465499562279134,N3F,1.964,1.7041371134427503,0.49542855374504818
QADFEH,0,Fe1,3,2.9465499562279134,N3,1.964,1.7041371134427503,0.49542855374504818
QADFEH,0,Fe1,3,2.9465499562279134,N1F,1.978,1.7041371134427503,0.47703283038074207
QADFEH,0,Fe1,3,2.9465499562279134,N1,1.978,1.7041371134427503,0.47703283038074207
DMPZFE,0,Fe2,3,2.9529068055759322,N3,1.692,1.7041371134427503,1.0333469594543045
DMPZFE,0,Fe2,3,2.9529068055759322,N4,1.694,1.7041371134427503,1.0277763694263762
DMPZFE,0,Fe2,3,2.9529068055759322,N6,1.999,1.7041371134427503,0.45071200178723936
DMPZFE,0,Fe2,3,2.9529068055759322,N8,2.007,1.7041371134427503,0.44107147490801202
DIFYUO,0,Fe3,3,2.9550581560166993,N14,1.95,1.7041371134427503,0.51453366777713283
DIFYUO,0,Fe3,3,2.9550581560166993,N13,1.957,1.7041371134427503,0.50489075143040585
DIFYUO,0,Fe3,3,2.9550581560166993,N17,1.967,1.7041371134427503,0.49142780663435759
DIFYUO,0,Fe3,3,2.9550581560166993,N18,1.967,1.7041371134427503,0.49142780663435759
DIFYUO,0,Fe3,3,2.9550581560166993,N16,1.978,1.7041371134427503,0.47703283038074207
DIFYUO,0,Fe3,3,2.9550581560166993,N15,1.979,1.7041371134427503,0.47574529315970304
FERCUB,0,Fe1B,3,2.9559796202105844,N8B,1.687,1.7041371134427503,1.047405886357401
FERCUB,0,Fe1,3,2.9559796202105844,N8,1.687,1.7041371134427503,1.047405886357401
FERCUB,0,Fe1B,3,2.9559796202105844,N2B,1.698,1.7041371134427503,1.0167251176697836
FERCUB,0,Fe1,3,2.9559796202105844,N2,1.698,1.7041371134427503,1.0167251176697836
FERCUB,0,Fe1B,3,2.9559796202105844,N3B,1.997,1.7041371134427503,0.4531548793015619
FERCUB,0,Fe1,3,2.9559796202105844,N3,1.997,1.7041371134427503,0.4531548793015619
FERCUB,0,Fe1B,3,2.9559796202105844,N4B,2.009,1.7041371134427503,0.43869373688183777
FERCUB,0,Fe1,3,2.9559796202105844,N4,2.009,1.7041371134427503,0.43869373688183777
MONRIS,0,Fe3,3,2.9613647041543563,N5,1.688,1.7041371134427503,1.0445788816350134
MONRIS,0,Fe3,3,2.9613647041543563,N6,1.695,1.7041371134427503,1.0250023458240913
MONRIS,0,Fe3,3,2.9613647041543563,N11,1.999,1.7041371134427503,0.45071200178723936
MONRIS,0,Fe3,3,2.9613647041543563,N10,2.007,1.7041371134427503,0.44107147490801202
DIFYUO,0,Fe2,3,2.964049469415754,N11,1.956,1.7041371134427503,0.50625716670423349
DIFYUO,0,Fe2,3,2.964049469415754,N12,1.962,1.7041371134427503,0.49811379680291651
DIFYUO,0,Fe2,3,2.964049469415754,N10,1.962,1.7041371134427503,0.49811379680291651
DIFYUO,0,Fe2,3,2.964049469415754,N8,1.962,1.7041371134427503,0.49811379680291651
DIFYUO,0,Fe2,3,2.964049469415754,N7,1.965,1.7041371134427503,0.49409136547898447
DIFYUO,0,Fe2,3,2.964049469415754,N9,1.984,1.7041371134427503,0.46935954682378633
GABSEJ,0,Fe1,3,2.9645406360217335,N5,1.714,1.7041371134427503,0.97369569707604242
GABSEJ,0,Fe1,3,2.9645406360217335,N1,1.885,1.7041371134427503,0.61335057114349645
GABSEJ,0,Fe1,3,2.9645406360217335,N2,1.909,1.7041371134427503,0.57482853814631918
GABSEJ,0,Fe1,3,2.9645406360217335,N4,2.035,1.7041371134427503,0.40892479394898085
GABSEJ,0,Fe1,3,2.9645406360217335,N3,2.049,1.7041371134427503,0.39374103570689473
VETXUN,0,Fe1,3,2.9757044674634221,N5,1.653,1.7041371134427503,1.1482148301995942
VETXUN,0,Fe1,3,2.9757044674634221,N3,1.989,1.7041371134427503,0.4630595139081658
VETXUN,0,Fe1,3,2.9757044674634221,N4,1.991,1.7041371134427503,0.46056324226686107
VETXUN,0,Fe1,3,2.9757044674634221,N2,1.997,1.7041371134427503,0.4531548793015619
VETXUN,0,Fe1,3,2.9757044674634221,N1,1.999,1.7041371134427503,0.45071200178723936
FESZOS,0,Fe1,3,2.9757527667005155,N7,1.951,1.7041371134427503,0.51314491378254501
FESZOS,0,Fe1,3,2.9757527667005155,N5,1.953,1.7041371134427503,0.51037864064122873
FESZOS,0,Fe1,3,2.9757527667005155,N8,1.957,1.7041371134427503,0.50489075143040585
FESZOS,0,Fe1,3,2.9757527667005155,N6,1.958,1.7041371134427503,0.50352802418476528
FESZOS,0,Fe1,3,2.9757527667005155,N2,1.981,1.7041371134427503,0.47318063473431909
FESZOS,0,Fe1,3,2.9757527667005155,N4,1.983,1.7041371134427503,0.47062980192725118
QADFIL,0,Fe1,3,2.9799929596509709,N3,1.948,1.7041371134427503,0.51732246133574766
QADFIL,0,Fe1,3,2.9799929596509709,N5,1.96,1.7041371134427503,0.50081359398816661
QADFIL,0,Fe1,3,2.9799929596509709,N1,1.965,1.7041371134427503,0.49409136547898447
QADFIL,0,Fe1,3,2.9799929596509709,N2,1.965,1.7041371134427503,0.49409136547898447
QADFIL,0,Fe1,3,2.9799929596509709,N4,1.966,1.7041371134427503,0.49275778635584466
QADFIL,0,Fe1,3,2.9799929596509709,N6,1.975,1.7041371134427503,0.48091638701324291
IBEWAP,0,Fe1,3,2.9864674074034485,N8,1.922,1.7041371134427503,0.55498254714436268
IBEWAP,0,Fe1,3,2.9864674074034485,N3,1.928,1.7041371134427503,0.5460554079996599
IBEWAP,0,Fe1,3,2.9864674074034485,N10,1.971,1.7041371134427503,0.48614368785826872
IBEWAP,0,Fe1,3,2.9864674074034485,N6,1.983,1.7041371134427503,0.47062980192725118
IBEWAP,0,Fe1,3,2.9864674074034485,N5,1.985,1.7041371134427503,0.46809272020704529
IBEWAP,0,Fe1,3,2.9864674074034485,N1,1.991,1.7041371134427503,0.46056324226686107
BERJOY,0,Fe1,3,2.986645666454101,N5,1.713,1.7041371134427503,0.97633086650383505
BERJOY,0,Fe1,3,2.986645666454101,N1,1.894,1.7041371134427503,0.59861122201289152
BERJOY,0,Fe1,3,2.986645666454101,N2,1.895,1.7041371134427503,0.59699553818530648
BERJOY,0,Fe1,3,2.986645666454101,N4,2.029,1.7041371134427503,0.41561006522698984
BERJOY,0,Fe1,3,2.986645666454101,N3,2.044,1.7041371134427503,0.39909797452507823
IZEWAM,0,Fe1,3,2.9879211148001596,N5,1.941,1.7041371134427503,0.52720281110410938
IZEWAM,0,Fe1,3,2.9879211148001596,N3,1.957,1.7041371134427503,0.50489075143040585
IZEWAM,0,Fe1,3,2.9879211148001596,N4,1.96,1.7041371134427503,0.50081359398816661
IZEWAM,0,Fe1,3,2.9879211148001596,N2,1.961,1.7041371134427503,0.49946187120936447
IZEWAM,0,Fe1,3,2.9879211148001596,N6,1.97,1.7041371134427503,0.48745936686106783
IZEWAM,0,Fe1,3,2.9879211148001596,N1,1.985,1.7041371134427503,0.46809272020704529
BPBPFE,0,Fe1,3,2.9915169692527539,N3,1.958,1.7041371134427503,0.50352802418476528
BPBPFE,0,Fe1,3,2.9915169692527539,N6,1.959,1.7041371134427503,0.50216897501312507
BPBPFE,0,Fe1,3,2.9915169692527539,N4,1.96,1.7041371134427503,0.50081359398816661
BPBPFE,0,Fe1,3,2.9915169692527539,N5,1.96,1.7041371134427503,0.50081359398816661
BPBPFE,0,Fe1,3,2.9915169692527539,N2,1.965,1.7041371134427503,0.49409136547898447
BPBPFE,0,Fe1,3,2.9915169692527539,N1,1.968,1.7041371134427503,0.49010141659954559
NICKUG01,0,Fe1,3,2.9940611164478486,N5,1.748,1.7041371134427503,0.88820887678400584
NICKUG01,0,Fe1,3,2.9940611164478486,N1,1.989,1.7041371134427503,0.4630595139081658
NICKUG01,0,Fe1,3,2.9940611164478486,N2,1.995,1.7041371134427503,0.45561099731209104
NICKUG01,0,Fe1,3,2.9940611164478486,N3,2.003,1.7041371134427503,0.4458656831233373
NICKUG01,0,Fe1,3,2.9940611164478486,N4,2.02,1.7041371134427503,0.42584345482662916
NICKUG01,0,Fe1,3,2.9940611164478486,N6,2.131,1.7041371134427503,0.31547259049361914
MIDKAN,0,Fe1,3,2.9961465926580595,N2,1.7,1.7041371134427503,1.011244133040355
MIDKAN,0,Fe1,3,2.9961465926580595,N1,1.701,1.7041371134427503,1.0085147308316902
MIDKAN,0,Fe1,3,2.9961465926580595,N3,1.963,1.7041371134427503,0.49676936092166918
MIDKAN,0,Fe1,3,2.9961465926580595,N4,1.976,1.7041371134427503,0.47961836786434525
FEXXOW,0,Fe1,3,2.9970854094504755,N3B,1.954,1.7041371134427503,0.50900110128796394
FEXXOW,0,Fe1,3,2.9970854094504755,N3,1.954,1.7041371134427503,0.50900110128796394
FEXXOW,0,Fe1,3,2.9970854094504755,N1B,1.962,1.7041371134427503,0.49811379680291651
FEXXOW,0,Fe1,3,2.9970854094504755,N1,1.962,1.7041371134427503,0.49811379680291651
FEXXOW,0,Fe1,3,2.9970854094504755,N5B,1.967,1.7041371134427503,0.49142780663435759
FEXXOW,0,Fe1,3,2.9970854094504755,N5,1.967,1.7041371134427503,0.49142780663435759
MONVUI,0,Fe1,3,2.9977788842320505,N1,1.69,1.7041371134427503,1.0389477423083988
MONVUI,0,Fe1,3,2.9977788842320505,N2,1.69,1.7041371134427503,1.0389477423083988
MONVUI,0,Fe1,3,2.9977788842320505,N4,1.991,1.7041371134427503,0.46056324226686107
MONVUI,0,Fe1,3,2.9977788842320505,N3,1.992,1.7041371134427503,0.4593201573483921
MONROY,0,Fe1,3,2.9982978367135451,N2,1.687,1.7041371134427503,1.047405886357401
MONROY,0,Fe1,3,2.9982978367135451,N1,1.688,1.7041371134427503,1.0445788816350134
MONROY,0,Fe1,3,2.9982978367135451,N4,1.996,1.7041371134427503,0.45438127876864048
MONROY,0,Fe1,3,2.9982978367135451,N3,1.998,1.7041371134427503,0.45193178995249039
KASSOO,0,Fe2A,3,2.9990166622038759,N4A,1.678,1.7041371134427503,1.0731957153361507
KASSOO,0,Fe2A,3,2.9990166622038759,N3A,1.688,1.7041371134427503,1.0445788816350134
KASSOO,0,Fe2A,3,2.9990166622038759,N8A,1.998,1.7041371134427503,0.45193178995249039
KASSOO,0,Fe2A,3,2.9990166622038759,N6A,2.017,1.7041371134427503,0.42931027528022181
KASSOO,0,Fe2,3,2.9990166622038763,N4,1.678,1.7041371134427503,1.0731957153361507
KASSOO,0,Fe2,3,2.9990166622038763,N3,1.688,1.7041371134427503,1.0445788816350134
KASSOO,0,Fe2,3,2.9990166622038763,N8,1.998,1.7041371134427503,0.45193178995249039
KASSOO,0,Fe2,3,2.9990166622038763,N6,2.017,1.7041371134427503,0.42931027528022181
ZETRUN,0,Fe1,3,3.0027585246286934,N1D,1.928,1.7041371134427503,0.5460554079996599
ZETRUN,0,Fe1,3,3.0027585246286934,N1,1.928,1.7041371134427503,0.5460554079996599
ZETRUN,0,Fe1,3,3.0027585246286934,N2D,1.959,1.7041371134427503,0.50216897501312507
ZETRUN,0,Fe1,3,3.0027585246286934,N2,1.959,1.7041371134427503,0.50216897501312507
ZETRUN,0,Fe1,3,3.0027585246286934,N3D,1.997,1.7041371134427503,0.4531548793015619
ZETRUN,0,Fe1,3,3.0027585246286934,N3,1.997,1.7041371134427503,0.4531548793015619
CILLAK,0,Fe1,3,3.003873030748319,N5,1.644,1.7041371134427503,1.176486834861221
CILLAK,0,Fe1,3,3.003873030748319,N3,1.992,1.7041371134427503,0.4593201573483921
CILLAK,0,Fe1,3,3.003873030748319,N1,1.994,1.7041371134427503,0.45684404391452399
CILLAK,0,Fe1,3,3.003873030748319,N2,1.995,1.7041371134427503,0.45561099731209104
CILLAK,0,Fe1,3,3.003873030748319,N4,1.995,1.7041371134427503,0.45561099731209104
MONRIS,0,Fe1,3,3.0086603775176006,N2,1.68,1.7041371134427503,1.067410307738857
MONRIS,0,Fe1,3,3.0086603775176006,N1,1.691,1.7041371134427503,1.0361435665709158
MONRIS,0,Fe1,3,3.0086603775176006,N12,1.995,1.7041371134427503,0.45561099731209104
MONRIS,0,Fe1,3,3.0086603775176006,N9,2.0,1.7041371134427503,0.44949550589573695
VAHHAP,0,Fe1,3,3.0102759826471157,N6,1.732,1.7041371134427503,0.9274604760762728
VAHHAP,0,Fe1,3,3.0102759826471157,N3,1.988,1.7041371134427503,0.46431271886528325
VAHHAP,0,Fe1,3,3.0102759826471157,N5,1.989,1.7041371134427503,0.4630595139081658
VAHHAP,0,Fe1,3,3.0102759826471157,N2,2.001,1.7041371134427503,0.44828229339195919
VAHHAP,0,Fe1,3,3.0102759826471157,N4,2.077,1.7041371134427503,0.36504394651519889
VAHHAP,0,Fe1,3,3.0102759826471157,N1,2.101,1.7041371134427503,0.34211703389023557
AROLID,0,Fe1,3,3.0110628148274459,N4,1.905,1.7041371134427503,0.58107661324698001
AROLID,0,Fe1,3,3.0110628148274459,N2,1.91,1.7041371134427503,0.57327704505938015
AROLID,0,Fe1,3,3.0110628148274459,N1,1.916,1.7041371134427503,0.56405563084366805
AROLID,0,Fe1,3,3.0110628148274459,N3,1.927,1.7041371134427503,0.54753322958330519
AROLID,0,Fe1,3,3.0110628148274459,N6,2.064,1.7041371134427503,0.37809779643378899
AROLID,0,Fe1,3,3.0110628148274459,N7,2.075,1.7041371134427503,0.36702249966032324
ALOGUD,0,Fe1,3,3.0134727931330567,N2,1.929,1.7041371134427503,0.54458157513581251
ALOGUD,0,Fe1,3,3.0134727931330567,N6,1.93,1.7041371134427503,0.54311172022599497
ALOGUD,0,Fe1,3,3.0134727931330567,N3,1.962,1.7041371134427503,0.49811379680291651
ALOGUD,0,Fe1,3,3.0134727931330567,N5,1.969,1.7041371134427503,0.48877860656265099
ALOGUD,0,Fe1,3,3.0134727931330567,N4,1.977,1.7041371134427503,0.47832385213882073
ALOGUD,0,Fe1,3,3.0134727931330567,N1,1.991,1.7041371134427503,0.46056324226686107
UKEZEQ,0,Fe1,3,3.013825952069201,N1,1.685,1.7041371134427503,1.0530828691712719
UKEZEQ,0,Fe1,3,3.013825952069201,N2,1.688,1.7041371134427503,1.0445788816350134
UKEZEQ,0,Fe1,3,3.013825952069201,N3,1.992,1.7041371134427503,0.4593201573483921
UKEZEQ,0,Fe1,3,3.013825952069201,N4,1.994,1.7041371134427503,0.45684404391452399
TUFZIE,0,Fe1,3,3.0186120628646238,N2F,1.953,1.7041371134427503,0.51037864064122873
TUFZIE,0,Fe1,3,3.0186120628646238,N2,1.953,1.7041371134427503,0.51037864064122873
TUFZIE,0,Fe1,3,3.0186120628646238,N6F,1.96,1.7041371134427503,0.50081359398816661
TUFZIE,0,Fe1,3,3.0186120628646238,N6,1.96,1.7041371134427503,0.50081359398816661
TUFZIE,0,Fe1,3,3.0186120628646238,N4,1.962,1.7041371134427503,0.49811379680291651
TUFZIE,0,Fe1,3,3.0186120628646238,N4F,1.962,1.7041371134427503,0.49811379680291651
QIVCED,0,Fe1,3,3.018877640650298,N3A,1.889,1.7041371134427503,0.60675546759919174
QIVCED,0,Fe1,3,3.018877640650298,N3,1.889,1.7041371134427503,0.60675546759919174
QIVCED,0,Fe1,3,3.018877640650298,N2A,1.995,1.7041371134427503,0.45561099731209104
QIVCED,0,Fe1,3,3.018877640650298,N2,1.995,1.7041371134427503,0.45561099731209104
QIVCED,0,Fe1,3,3.018877640650298,N1A,2.002,1.7041371134427503,0.44707235541386631
QIVCED,0,Fe1,3,3.018877640650298,N1,2.002,1.7041371134427503,0.44707235541386631
SOZRAA,0,Fe2,3,3.0285946004677244,N7B,1.945,1.7041371134427503,0.52153401858697201
SOZRAA,0,Fe2,3,3.0285946004677244,N7,1.945,1.7041371134427503,0.52153401858697201
SOZRAA,0,Fe2,3,3.0285946004677244,N9,1.951,1.7041371134427503,0.51314491378254501
SOZRAA,0,Fe2,3,3.0285946004677244,N9B,1.951,1.7041371134427503,0.51314491378254501
SOZRAA,0,Fe2,3,3.0285946004677244,N8,1.976,1.7041371134427503,0.47961836786434525
SOZRAA,0,Fe2,3,3.0285946004677244,N8B,1.976,1.7041371134427503,0.47961836786434525
HERJOD,0,Fe1,3,3.0322696183533502,N5,1.951,1.7041371134427503,0.51314491378254501
HERJOD,0,Fe1,3,3.0322696183533502,N5A,1.951,1.7041371134427503,0.51314491378254501
HERJOD,0,Fe1,3,3.0322696183533502,N3A,1.958,1.7041371134427503,0.50352802418476528
HERJOD,0,Fe1,3,3.0322696183533502,N3,1.958,1.7041371134427503,0.50352802418476528
HERJOD,0,Fe1,3,3.0322696183533502,N1A,1.961,1.7041371134427503,0.49946187120936447
HERJOD,0,Fe1,3,3.0322696183533502,N1,1.961,1.7041371134427503,0.49946187120936447
ZETRUN,0,Fe2,3,3.0343506122123247,N14,1.91,1.7041371134427503,0.57327704505938015
ZETRUN,0,Fe2,3,3.0343506122123247,N9,1.915,1.7041371134427503,0.56558216747974133
ZETRUN,0,Fe2,3,3.0343506122123247,N8,1.975,1.7041371134427503,0.48091638701324291
ZETRUN,0,Fe2,3,3.0343506122123247,N8D,1.975,1.7041371134427503,0.48091638701324291
ZETRUN,0,Fe2,3,3.0343506122123247,N11D,1.986,1.7041371134427503,0.46682931282335882
ZETRUN,0,Fe2,3,3.0343506122123247,N11,1.986,1.7041371134427503,0.46682931282335882
VORTUR,0,Fe1,3,3.0349138146148822,N3A,1.952,1.7041371134427503,0.51175990810955085
VORTUR,0,Fe1,3,3.0349138146148822,N3,1.952,1.7041371134427503,0.51175990810955085
VORTUR,0,Fe1,3,3.0349138146148822,N1A,1.958,1.7041371134427503,0.50352802418476528
VORTUR,0,Fe1,3,3.0349138146148822,N1,1.958,1.7041371134427503,0.50352802418476528
VORTUR,0,Fe1,3,3.0349138146148822,N2A,1.959,1.7041371134427503,0.50216897501312507
VORTUR,0,Fe1,3,3.0349138146148822,N2,1.959,1.7041371134427503,0.50216897501312507
NUDLII,0,Fe1,3,3.0404604167968512,N4,1.688,1.7041371134427503,1.0445788816350134
NUDLII,0,Fe1,3,3.0404604167968512,N3,1.696,1.7041371134427503,1.0222358094604469
NUDLII,0,Fe1,3,3.0404604167968512,N2,1.967,1.7041371134427503,0.49142780663435759
NUDLII,0,Fe1,3,3.0404604167968512,N1,1.974,1.7041371134427503,0.48221791906703315
MIDKER,0,Fe1,3,3.0434277290973366,N2,1.697,1.7041371134427503,1.0194767401269824
MIDKER,0,Fe1,3,3.0434277290973366,N1,1.701,1.7041371134427503,1.0085147308316902
MIDKER,0,Fe1,3,3.0434277290973366,N4,1.948,1.7041371134427503,0.51732246133574766
MIDKER,0,Fe1,3,3.0434277290973366,N3,1.962,1.7041371134427503,0.49811379680291651
SEKLOK,0,Fe1,3,3.0458602093430871,N2D,1.951,1.7041371134427503,0.51314491378254501
SEKLOK,0,Fe1,3,3.0458602093430871,N2,1.951,1.7041371134427503,0.51314491378254501
SEKLOK,0,Fe1,3,3.0458602093430871,N6D,1.956,1.7041371134427503,0.50625716670423349
SEKLOK,0,Fe1,3,3.0458602093430871,N6,1.956,1.7041371134427503,0.50625716670423349
SEKLOK,0,Fe1,3,3.0458602093430871,N4,1.958,1.7041371134427503,0.50352802418476528
SEKLOK,0,Fe1,3,3.0458602093430871,N4D,1.958,1.7041371134427503,0.50352802418476528
SOZRAA,0,Fe1,3,3.0463224131266102,N3B,1.945,1.7041371134427503,0.52153401858697201
SOZRAA,0,Fe1,3,3.0463224131266102,N3,1.945,1.7041371134427503,0.52153401858697201
SOZRAA,0,Fe1,3,3.0463224131266102,N2B,1.96,1.7041371134427503,0.50081359398816661
SOZRAA,0,Fe1,3,3.0463224131266102,N1B,1.96,1.7041371134427503,0.50081359398816661
SOZRAA,0,Fe1,3,3.0463224131266102,N1,1.96,1.7041371134427503,0.50081359398816661
SOZRAA,0,Fe1,3,3.0463224131266102,N2,1.96,1.7041371134427503,0.50081359398816661
HERJOD,0,Fe2,3,3.0490218463806928,N11,1.948,1.7041371134427503,0.51732246133574766
HERJOD,0,Fe2,3,3.0490218463806928,N11A,1.948,1.7041371134427503,0.51732246133574766
HERJOD,0,Fe2,3,3.0490218463806928,N9,1.952,1.7041371134427503,0.51175990810955085
HERJOD,0,Fe2,3,3.0490218463806928,N9A,1.952,1.7041371134427503,0.51175990810955085
HERJOD,0,Fe2,3,3.0490218463806928,N7A,1.964,1.7041371134427503,0.49542855374504818
HERJOD,0,Fe2,3,3.0490218463806928,N7,1.964,1.7041371134427503,0.49542855374504818
HAYLAV,0,Fe1,3,3.0524007734783463,N6,1.94,1.7041371134427503,0.52862961080574111
HAYLAV,0,Fe1,3,3.0524007734783463,N12,1.948,1.7041371134427503,0.51732246133574766
HAYLAV,0,Fe1,3,3.0524007734783463,N10,1.95,1.7041371134427503,0.51453366777713283
HAYLAV,0,Fe1,3,3.0524007734783463,N8,1.953,1.7041371134427503,0.51037864064122873
HAYLAV,0,Fe1,3,3.0524007734783463,N2,1.966,1.7041371134427503,0.49275778635584466
HAYLAV,0,Fe1,3,3.0524007734783463,N4,1.969,1.7041371134427503,0.48877860656265099
KAJRAP,0,Fe1,3,3.0578325788171012,N3A,1.942,1.7041371134427503,0.52577986241147734
KAJRAP,0,Fe1,3,3.0578325788171012,N3,1.942,1.7041371134427503,0.52577986241147734
KAJRAP,0,Fe1,3,3.0578325788171012,N1A,1.953,1.7041371134427503,0.51037864064122873
KAJRAP,0,Fe1,3,3.0578325788171012,N1,1.953,1.7041371134427503,0.51037864064122873
KAJRAP,0,Fe1,3,3.0578325788171012,N5,1.966,1.7041371134427503,0.49275778635584466
KAJRAP,0,Fe1,3,3.0578325788171012,N5A,1.966,1.7041371134427503,0.49275778635584466
VOBFIC,0,Fe1,3,3.0597625198136686,N1,1.684,1.7041371134427503,1.0559328887308799
VOBFIC,0,Fe1,3,3.0597625198136686,N2,1.688,1.7041371134427503,1.0445788816350134
VOBFIC,0,Fe1,3,3.0597625198136686,N3,1.974,1.7041371134427503,0.48221791906703315
VOBFIC,0,Fe1,3,3.0597625198136686,N5,1.978,1.7041371134427503,0.47703283038074207
WOHTOC,0,Fe1,3,3.0598434384482247,N1B,1.949,1.7041371134427503,0.51592618023761516
WOHTOC,0,Fe1,3,3.0598434384482247,N1,1.949,1.7041371134427503,0.51592618023761516
WOHTOC,0,Fe1,3,3.0598434384482247,N2B,1.95,1.7041371134427503,0.51453366777713283
WOHTOC,0,Fe1,3,3.0598434384482247,N2,1.95,1.7041371134427503,0.51453366777713283
WOHTOC,0,Fe1,3,3.0598434384482247,N3B,1.961,1.7041371134427503,0.49946187120936447
WOHTOC,0,Fe1,3,3.0598434384482247,N3,1.961,1.7041371134427503,0.49946187120936447
HAYLEZ,0,Fe1,3,3.059906321480153,N8,1.948,1.7041371134427503,0.51732246133574766
HAYLEZ,0,Fe1,3,3.059906321480153,N2,1.948,1.7041371134427503,0.51732246133574766
HAYLEZ,0,Fe1,3,3.059906321480153,N4,1.949,1.7041371134427503,0.51592618023761516
HAYLEZ,0,Fe1,3,3.059906321480153,N10,1.953,1.7041371134427503,0.51037864064122873
HAYLEZ,0,Fe1,3,3.059906321480153,N12,1.958,1.7041371134427503,0.50352802418476528
HAYLEZ,0,Fe1,3,3.059906321480153,N6,1.964,1.7041371134427503,0.49542855374504818
FUFZAI,0,Fe1,3,3.0624488347361143,N1,1.9,1.7041371134427503,0.58898229638273192
FUFZAI,0,Fe1,3,3.0624488347361143,N5,1.922,1.7041371134427503,0.55498254714436268
FUFZAI,0,Fe1,3,3.0624488347361143,N3,1.974,1.7041371134427503,0.48221791906703315
FUFZAI,0,Fe1,3,3.0624488347361143,N6,1.976,1.7041371134427503,0.47961836786434525
FUFZAI,0,Fe1,3,3.0624488347361143,N2,1.977,1.7041371134427503,0.47832385213882073
FUFZAI,0,Fe1,3,3.0624488347361143,N4,1.977,1.7041371134427503,0.47832385213882073
FEXXOW,0,Fe3,3,3.0628630300523287,N13B,1.943,1.7041371134427503,0.52436075433376439
FEXXOW,0,Fe3,3,3.0628630300523287,N13,1.943,1.7041371134427503,0.52436075433376439
FEXXOW,0,Fe3,3,3.0628630300523287,N17,1.956,1.7041371134427503,0.50625716670423349
FEXXOW,0,Fe3,3,3.0628630300523287,N17B,1.956,1.7041371134427503,0.50625716670423349
FEXXOW,0,Fe3,3,3.0628630300523287,N15,1.96,1.7041371134427503,0.50081359398816661
FEXXOW,0,Fe3,3,3.0628630300523287,N15B,1.96,1.7041371134427503,0.50081359398816661
KAJRAP,0,Fe2,3,3.0632649322742425,N9,1.941,1.7041371134427503,0.52720281110410938
KAJRAP,0,Fe2,3,3.0632649322742425,N9A,1.941,1.7041371134427503,0.52720281110410938
KAJRAP,0,Fe2,3,3.0632649322742425,N11,1.954,1.7041371134427503,0.50900110128796394
KAJRAP,0,Fe2,3,3.0632649322742425,N11A,1.954,1.7041371134427503,0.50900110128796394
KAJRAP,0,Fe2,3,3.0632649322742425,N7A,1.964,1.7041371134427503,0.49542855374504818
KAJRAP,0,Fe2,3,3.0632649322742425,N7,1.964,1.7041371134427503,0.49542855374504818
JESPON,0,Fe1,3,3.0703038348916332,N2,1.914,1.7041371134427503,0.56711283547090452
JESPON,0,Fe1,3,3.0703038348916332,N5,1.926,1.7041371134427503,0.54901505068165413
JESPON,0,Fe1,3,3.0703038348916332,N6,1.962,1.7041371134427503,0.49811379680291651
JESPON,0,Fe1,3,3.0703038348916332,N3,1.963,1.7041371134427503,0.49676936092166918
JESPON,0,Fe1,3,3.0703038348916332,N1,1.972,1.7041371134427503,0.48483155994373717
JESPON,0,Fe1,3,3.0703038348916332,N4,1.98,1.7041371134427503,0.47446123107075161
VORTUR,0,Fe2,3,3.0737322889909651,N9,1.946,1.7041371134427503,0.52012637026970066
VORTUR,0,Fe2,3,3.0737322889909651,N9A,1.946,1.7041371134427503,0.52012637026970066
VORTUR,0,Fe2,3,3.0737322889909651,N7A,1.949,1.7041371134427503,0.51592618023761516
VORTUR,0,Fe2,3,3.0737322889909651,N7,1.949,1.7041371134427503,0.51592618023761516
VORTUR,0,Fe2,3,3.0737322889909651,N8,1.96,1.7041371134427503,0.50081359398816661
VORTUR,0,Fe2,3,3.0737322889909651,N8A,1.96,1.7041371134427503,0.50081359398816661
CAYQUO01,0,Fe1,3,3.0817669380706398,N5B,1.947,1.7041371134427503,0.51872252127081375
CAYQUO01,0,Fe1,3,3.0817669380706398,N5,1.947,1.7041371134427503,0.51872252127081375
CAYQUO01,0,Fe1,3,3.0817669380706398,N1B,1.95,1.7041371134427503,0.51453366777713283
CAYQUO01,0,Fe1,3,3.0817669380706398,N1,1.95,1.7041371134427503,0.51453366777713283
CAYQUO01,0,Fe1,3,3.0817669380706398,N3B,1.955,1.7041371134427503,0.50762727998737334
CAYQUO01,0,Fe1,3,3.0817669380706398,N3,1.955,1.7041371134427503,0.50762727998737334
FEXXOW,0,Fe2,3,3.0822189518602068,N9,1.941,1.7041371134427503,0.52720281110410938
FEXXOW,0,Fe2,3,3.0822189518602068,N9B,1.941,1.7041371134427503,0.52720281110410938
FEXXOW,0,Fe2,3,3.0822189518602068,N11,1.953,1.7041371134427503,0.51037864064122873
FEXXOW,0,Fe2,3,3.0822189518602068,N11B,1.953,1.7041371134427503,0.51037864064122873
FEXXOW,0,Fe2,3,3.0822189518602068,N7B,1.958,1.7041371134427503,0.50352802418476528
FEXXOW,0,Fe2,3,3.0822189518602068,N7,1.958,1.7041371134427503,0.50352802418476528
BITFER,0,Fe1,3,3.0844994857226542,N3A,1.948,1.7041371134427503,0.51732246133574766
BITFER,0,Fe1,3,3.0844994857226542,N3,1.948,1.7041371134427503,0.51732246133574766
BITFER,0,Fe1,3,3.0844994857226542,N5,1.949,1.7041371134427503,0.51592618023761516
BITFER,0,Fe1,3,3.0844994857226542,N5A,1.949,1.7041371134427503,0.51592618023761516
BITFER,0,Fe1,3,3.0844994857226542,N1A,1.954,1.7041371134427503,0.50900110128796394
BITFER,0,Fe1,3,3.0844994857226542,N1,1.954,1.7041371134427503,0.50900110128796394
BITFER,0,Fe2,3,3.0900546842993157,N11,1.947,1.7041371134427503,0.51872252127081375
BITFER,0,Fe2,3,3.0900546842993157,N11A,1.947,1.7041371134427503,0.51872252127081375
BITFER,0,Fe2,3,3.0900546842993157,N9,1.949,1.7041371134427503,0.51592618023761516
BITFER,0,Fe2,3,3.0900546842993157,N9A,1.949,1.7041371134427503,0.51592618023761516
BITFER,0,Fe2,3,3.0900546842993157,N7A,1.953,1.7041371134427503,0.51037864064122873
BITFER,0,Fe2,3,3.0900546842993157,N7,1.953,1.7041371134427503,0.51037864064122873
DIXDIX,0,Fe1,3,3.0903252479496586,N5,1.903,1.7041371134427503,0.58422607229615298
DIXDIX,0,Fe1,3,3.0903252479496586,N2,1.91,1.7041371134427503,0.57327704505938015
DIXDIX,0,Fe1,3,3.0903252479496586,N1,1.971,1.7041371134427503,0.48614368785826872
DIXDIX,0,Fe1,3,3.0903252479496586,N4,1.971,1.7041371134427503,0.48614368785826872
DIXDIX,0,Fe1,3,3.0903252479496586,N6,1.975,1.7041371134427503,0.48091638701324291
DIXDIX,0,Fe1,3,3.0903252479496586,N3,1.976,1.7041371134427503,0.47961836786434525
IFOQEA,0,Fe1,3,3.0956249172337333,N4B,1.946,1.7041371134427503,0.52012637026970066
IFOQEA,0,Fe1,3,3.0956249172337333,N4,1.946,1.7041371134427503,0.52012637026970066
IFOQEA,0,Fe1,3,3.0956249172337333,N6B,1.949,1.7041371134427503,0.51592618023761516
IFOQEA,0,Fe1,3,3.0956249172337333,N6,1.949,1.7041371134427503,0.51592618023761516
IFOQEA,0,Fe1,3,3.0956249172337333,N2B,1.952,1.7041371134427503,0.51175990810955085
IFOQEA,0,Fe1,3,3.0956249172337333,N2,1.952,1.7041371134427503,0.51175990810955085
EVOKOP,0,Fe1,3,3.0973544407048799,N5,1.94,1.7041371134427503,0.52862961080574111
EVOKOP,0,Fe1,3,3.0973544407048799,N5O,1.941,1.7041371134427503,0.52720281110410938
EVOKOP,0,Fe1,3,3.0973544407048799,N3,1.952,1.7041371134427503,0.51175990810955085
EVOKOP,0,Fe1,3,3.0973544407048799,N1O,1.952,1.7041371134427503,0.51175990810955085
EVOKOP,0,Fe1,3,3.0973544407048799,N3O,1.954,1.7041371134427503,0.50900110128796394
EVOKOP,0,Fe1,3,3.0973544407048799,N1,1.954,1.7041371134427503,0.50900110128796394
CAYQUO,0,Fe1,3,3.098538078257314,N5B,1.944,1.7041371134427503,0.52294547650494538
CAYQUO,0,Fe1,3,3.098538078257314,N5,1.944,1.7041371134427503,0.52294547650494538
CAYQUO,0,Fe1,3,3.098538078257314,N4,1.948,1.7041371134427503,0.51732246133574766
CAYQUO,0,Fe1,3,3.098538078257314,N4B,1.948,1.7041371134427503,0.51732246133574766
CAYQUO,0,Fe1,3,3.098538078257314,N1B,1.954,1.7041371134427503,0.50900110128796394
CAYQUO,0,Fe1,3,3.098538078257314,N1,1.954,1.7041371134427503,0.50900110128796394
PEHBEK,0,Fe1,3,3.1055950009707196,N11,1.943,1.7041371134427503,0.52436075433376439
PEHBEK,0,Fe1,3,3.1055950009707196,N8,1.944,1.7041371134427503,0.52294547650494538
PEHBEK,0,Fe1,3,3.1055950009707196,N2,1.945,1.7041371134427503,0.52153401858697201
PEHBEK,0,Fe1,3,3.1055950009707196,N17,1.946,1.7041371134427503,0.52012637026970066
PEHBEK,0,Fe1,3,3.1055950009707196,N14,1.954,1.7041371134427503,0.50900110128796394
PEHBEK,0,Fe1,3,3.1055950009707196,N5,1.955,1.7041371134427503,0.50762727998737334
CIWVAF,0,Fe1,3,3.1066158134110462,N5,1.67,1.7041371134427503,1.0966526213682797
CIWVAF,0,Fe1,3,3.1066158134110462,N3,1.933,1.7041371134427503,0.53872591599842012
CIWVAF,0,Fe1,3,3.1066158134110462,N1,1.95,1.7041371134427503,0.51453366777713283
CIWVAF,0,Fe1,3,3.1066158134110462,N4,1.973,1.7041371134427503,0.48352297353289464
CIWVAF,0,Fe1,3,3.1066158134110462,N2,1.981,1.7041371134427503,0.47318063473431909
GATWII,0,Fe1,3,3.1208000142869516,N7,1.943,1.7041371134427503,0.52436075433376439
GATWII,0,Fe1,3,3.1208000142869516,N11,1.945,1.7041371134427503,0.52153401858697201
GATWII,0,Fe1,3,3.1208000142869516,N3,1.945,1.7041371134427503,0.52153401858697201
GATWII,0,Fe1,3,3.1208000142869516,N9,1.947,1.7041371134427503,0.51872252127081375
GATWII,0,Fe1,3,3.1208000142869516,N5,1.947,1.7041371134427503,0.51872252127081375
GATWII,0,Fe1,3,3.1208000142869516,N1,1.949,1.7041371134427503,0.51592618023761516
BAPGOP,0,Fe1,3,3.1284880381626321,N7,1.92,1.7041371134427503,0.55799057528624552
BAPGOP,0,Fe1,3,3.1284880381626321,N1,1.927,1.7041371134427503,0.54753322958330519
BAPGOP,0,Fe1,3,3.1284880381626321,N3,1.928,1.7041371134427503,0.5460554079996599
BAPGOP,0,Fe1,3,3.1284880381626321,N11,1.936,1.7041371134427503,0.53437552857001647
BAPGOP,0,Fe1,3,3.1284880381626321,N5,1.982,1.7041371134427503,0.47190349479615396
BAPGOP,0,Fe1,3,3.1284880381626321,N9,1.983,1.7041371134427503,0.47062980192725118
FIDFOO,0,Fe1,3,3.1409983690367858,N3A,1.939,1.7041371134427503,0.53006027193858207
FIDFOO,0,Fe1,3,3.1409983690367858,N1A,1.939,1.7041371134427503,0.53006027193858207
FIDFOO,0,Fe1,3,3.1409983690367858,N1,1.939,1.7041371134427503,0.53006027193858207
FIDFOO,0,Fe1,3,3.1409983690367858,N3,1.939,1.7041371134427503,0.53006027193858207
FIDFOO,0,Fe1,3,3.1409983690367858,N2A,1.953,1.7041371134427503,0.51037864064122873
FIDFOO,0,Fe1,3,3.1409983690367858,N2,1.953,1.7041371134427503,0.51037864064122873
FIDFOO,0,Fe3,3,3.1637798879993473,N9,1.932,1.7041371134427503,0.54018390135058103
FIDFOO,0,Fe3,3,3.1637798879993473,N9A,1.932,1.7041371134427503,0.54018390135058103
FIDFOO,0,Fe3,3,3.1637798879993473,N7A,1.942,1.7041371134427503,0.52577986241147734
FIDFOO,0,Fe3,3,3.1637798879993473,N7,1.942,1.7041371134427503,0.52577986241147734
FIDFOO,0,Fe3,3,3.1637798879993473,N8,1.949,1.7041371134427503,0.51592618023761516
FIDFOO,0,Fe3,3,3.1637798879993473,N8A,1.949,1.7041371134427503,0.51592618023761516
BUVTAO,0,Fe1,3,3.1717510612249664,N1,1.663,1.7041371134427503,1.1175976069108213
BUVTAO,0,Fe1,3,3.1717510612249664,N2,1.683,1.7041371134427503,1.0587906214645668
BUVTAO,0,Fe1,3,3.1717510612249664,N3,1.951,1.7041371134427503,0.51314491378254501
BUVTAO,0,Fe1,3,3.1717510612249664,N4,1.974,1.7041371134427503,0.48221791906703315
SEKLUQ,0,Fe1,3,3.200554010405523,N6B,1.934,1.7041371134427503,0.53727186582700415
SEKLUQ,0,Fe1,3,3.200554010405523,N6,1.934,1.7041371134427503,0.53727186582700415
SEKLUQ,0,Fe1,3,3.200554010405523,N2B,1.936,1.7041371134427503,0.53437552857001647
SEKLUQ,0,Fe1,3,3.200554010405523,N2,1.936,1.7041371134427503,0.53437552857001647
SEKLUQ,0,Fe1,3,3.200554010405523,N4B,1.94,1.7041371134427503,0.52862961080574111
SEKLUQ,0,Fe1,3,3.200554010405523,N4,1.94,1.7041371134427503,0.52862961080574111
SEKLUQ,0,Fe2,3,3.2033841474762679,N9,1.935,1.7041371134427503,0.53582174021506823
SEKLUQ,0,Fe2,3,3.2033841474762679,N9B,1.935,1.7041371134427503,0.53582174021506823
SEKLUQ,0,Fe2,3,3.2033841474762679,N8,1.936,1.7041371134427503,0.53437552857001647
SEKLUQ,0,Fe2,3,3.2033841474762679,N8B,1.936,1.7041371134427503,0.53437552857001647
SEKLUQ,0,Fe2,3,3.2033841474762679,N12,1.938,1.7041371134427503,0.53149480495304935
SEKLUQ,0,Fe2,3,3.2033841474762679,N12B,1.938,1.7041371134427503,0.53149480495304935
WOHTUI,0,Fe2,3,3.2070132611247062,N8,1.925,1.7041371134427503,0.55050088211882564
WOHTUI,0,Fe2,3,3.2070132611247062,N8A,1.925,1.7041371134427503,0.55050088211882564
WOHTUI,0,Fe2,3,3.2070132611247062,N7A,1.939,1.7041371134427503,0.53006027193858207
WOHTUI,0,Fe2,3,3.2070132611247062,N7,1.939,1.7041371134427503,0.53006027193858207
WOHTUI,0,Fe2,3,3.2070132611247062,N6A,1.944,1.7041371134427503,0.52294547650494538
WOHTUI,0,Fe2,3,3.2070132611247062,N6,1.944,1.7041371134427503,0.52294547650494538
CESBIL,0,Fe1,3,3.2320068282716985,N2E,1.885,1.7041371134427503,0.61335057114349645
CESBIL,0,Fe1,3,3.2320068282716985,N2,1.885,1.7041371134427503,0.61335057114349645
CESBIL,0,Fe1,3,3.2320068282716985,N1E,1.92,1.7041371134427503,0.55799057528624552
CESBIL,0,Fe1,3,3.2320068282716985,N1,1.92,1.7041371134427503,0.55799057528624552
CESBIL,0,Fe1,3,3.2320068282716985,N3E,2.004,1.7041371134427503,0.44466226770610701
CESBIL,0,Fe1,3,3.2320068282716985,N3,2.004,1.7041371134427503,0.44466226770610701
WOHTUI,0,Fe1,3,3.2411763221464636,N3A,1.902,1.7041371134427503,0.58580719737379039
WOHTUI,0,Fe1,3,3.2411763221464636,N3,1.902,1.7041371134427503,0.58580719737379039
WOHTUI,0,Fe1,3,3.2411763221464636,N2A,1.942,1.7041371134427503,0.52577986241147734
WOHTUI,0,Fe1,3,3.2411763221464636,N2,1.942,1.7041371134427503,0.52577986241147734
WOHTUI,0,Fe1,3,3.2411763221464636,N1A,1.954,1.7041371134427503,0.50900110128796394
WOHTUI,0,Fe1,3,3.2411763221464636,N1,1.954,1.7041371134427503,0.50900110128796394
HIVGAU,0,Fe1,3,3.3477559718667966,N3,1.668,1.7041371134427503,1.1025965235034352
HIVGAU,0,Fe1,3,3.3477559718667966,N2F,1.996,1.7041371134427503,0.45438127876864048
HIVGAU,0,Fe1,3,3.3477559718667966,N2,1.996,1.7041371134427503,0.45438127876864048
HIVGAU,0,Fe1,3,3.3477559718667966,N4,2.002,1.7041371134427503,0.44707235541386631
HIVGAU,0,Fe1,3,3.3477559718667966,N1F,2.004,1.7041371134427503,0.44466226770610701
HIVGAU,0,Fe1,3,3.3477559718667966,N1,2.004,1.7041371134427503,0.44466226770610701
VEGFIX,0,Fe1,3,3.3799403042495295,N1,1.702,1.7041371134427503,1.0057926954261285
VEGFIX,0,Fe1,3,3.3799403042495295,N5,1.878,1.7041371134427503,0.62506496328080063
VEGFIX,0,Fe1,3,3.3799403042495295,N2,1.89,1.7041371134427503,0.60511780201550591
VEGFIX,0,Fe1,3,3.3799403042495295,N4,1.9,1.7041371134427503,0.58898229638273192
VEGFIX,0,Fe1,3,3.3799403042495295,N3,1.922,1.7041371134427503,0.55498254714436268
VIVNEV,0,Fe1,3,3.4148625794194825,N5,1.656,1.7041371134427503,1.1389426210593501
VIVNEV,0,Fe1,3,3.4148625794194825,N4,1.897,1.7041371134427503,0.59377724121224618
VIVNEV,0,Fe1,3,3.4148625794194825,N1,1.905,1.7041371134427503,0.58107661324698001
VIVNEV,0,Fe1,3,3.4148625794194825,N3,1.921,1.7041371134427503,0.5564845287650938
VIVNEV,0,Fe1,3,3.4148625794194825,N2,1.929,1.7041371134427503,0.54458157513581251
LIQFAS,0,Fe1B,3,3.440546390940197,N5B,1.633,1.7041371134427503,1.211988584367647
LIQFAS,0,Fe1,3,3.440546390940197,N5,1.633,1.7041371134427503,1.211988584367647
LIQFAS,0,Fe1B,3,3.440546390940197,N4B,1.987,1.7041371134427503,0.46556931544403291
LIQFAS,0,Fe1,3,3.440546390940197,N4,1.987,1.7041371134427503,0.46556931544403291
LIQFAS,0,Fe1B,3,3.440546390940197,N2B,1.988,1.7041371134427503,0.46431271886528325
LIQFAS,0,Fe1,3,3.440546390940197,N2,1.988,1.7041371134427503,0.46431271886528325
LIQFAS,0,Fe1B,3,3.440546390940197,N3B,2.001,1.7041371134427503,0.44828229339195919
LIQFAS,0,Fe1,3,3.440546390940197,N3,2.001,1.7041371134427503,0.44828229339195919
LIQFAS,0,Fe1B,3,3.440546390940197,N1B,2.003,1.7041371134427503,0.4458656831233373
LIQFAS,0,Fe1,3,3.440546390940197,N1,2.003,1.7041371134427503,0.4458656831233373
LIQFAS,0,Fe1B,3,3.440546390940197,N6B,2.039,1.7041371134427503,0.40452779574793724
LIQFAS,0,Fe1,3,3.440546390940197,N6,2.039,1.7041371134427503,0.40452779574793724
VEGFET,0,Fe1,3,3.4484214537272804,N1,1.645,1.7041371134427503,1.1733114337284787
VEGFET,0,Fe1,3,3.4484214537272804,N2,1.897,1.7041371134427503,0.59377724121224618
VEGFET,0,Fe1,3,3.4484214537272804,N5,1.899,1.7041371134427503,0.59057629350688434
VEGFET,0,Fe1,3,3.4484214537272804,N4,1.923,1.7041371134427503,0.55348461945266669
VEGFET,0,Fe1,3,3.4484214537272804,N3,1.934,1.7041371134427503,0.53727186582700415
BERJIS,0,Fe1,3,3.4765840816438009,N5,1.685,1.7041371134427503,1.0530828691712719
BERJIS,0,Fe1,3,3.4765840816438009,N2,1.908,1.7041371134427503,0.57638423012944595
BERJIS,0,Fe1,3,3.4765840816438009,N1,1.914,1.7041371134427503,0.56711283547090452
BERJIS,0,Fe1,3,3.4765840816438009,N6,2.011,1.7041371134427503,0.43632881681928742
BERJIS,0,Fe1,3,3.4765840816438009,N4,2.022,1.7041371134427503,0.42354780835357203
BERJIS,0,Fe1,3,3.4765840816438009,N3,2.025,1.7041371134427503,0.42012752169931933
QIQCIE,1,Fe1A,3,2.2966516514605662,N2A,2.078,1.8279038270578172,0.50868027533998794
QIQCIE,1,Fe1,3,2.2966516514605662,N2,2.078,1.8279038270578172,0.50868027533998794
QIQCIE,1,Fe1A,3,2.2966516514605662,N1A,2.142,1.8279038270578172,0.42788167773137814
QIQCIE,1,Fe1,3,2.2966516514605662,N1,2.142,1.8279038270578172,0.42788167773137814
QIQCIE,1,Fe1A,3,2.2966516514605662,N6A,2.159,1.8279038270578172,0.40866704659963826
QIQCIE,1,Fe1,3,2.2966516514605662,N6,2.159,1.8279038270578172,0.40866704659963826
QIQCIE,1,Fe1A,3,2.2966516514605662,N5A,2.172,1.8279038270578172,0.39455779141935976
QIQCIE,1,Fe1,3,2.2966516514605662,N5,2.172,1.8279038270578172,0.39455779141935976
QIQCIE,1,Fe1A,3,2.2966516514605662,N4A,2.297,1.8279038270578172,0.28144239325056997
QIQCIE,1,Fe1,3,2.2966516514605662,N4,2.297,1.8279038270578172,0.28144239325056997
QIQCIE,1,Fe1A,3,2.2966516514605662,N3A,2.305,1.8279038270578172,0.27542246711963242
QIQCIE,1,Fe1,3,2.2966516514605662,N3,2.305,1.8279038270578172,0.27542246711963242
FIZYEU02,1,Fe1B,3,2.3144377826940836,N3,2.107,1.8279038270578172,0.47033316160178401
FIZYEU02,1,Fe1B,3,2.3144377826940836,N2B,2.11,1.8279038270578172,0.46653506796524247
FIZYEU02,1,Fe1B,3,2.3144377826940836,N6B,2.123,1.8279038270578172,0.45042791575113489
FIZYEU02,1,Fe1B,3,2.3144377826940836,N5B,2.233,1.8279038270578172,0.33458827882067621
FIZYEU02,1,Fe1B,3,2.3144377826940836,N1B,2.276,1.8279038270578172,0.29787815924375161
FIZYEU02,1,Fe1B,3,2.3144377826940836,N4,2.28,1.8279038270578172,0.29467519931149477
FIZYEU02,1,Fe1,3,2.3144377826940841,N3B,2.107,1.8279038270578172,0.47033316160178401
FIZYEU02,1,Fe1,3,2.3144377826940841,N2,2.11,1.8279038270578172,0.46653506796524247
FIZYEU02,1,Fe1,3,2.3144377826940841,N6,2.123,1.8279038270578172,0.45042791575113489
FIZYEU02,1,Fe1,3,2.3144377826940841,N5,2.233,1.8279038270578172,0.33458827882067621
FIZYEU02,1,Fe1,3,2.3144377826940841,N1,2.276,1.8279038270578172,0.29787815924375161
FIZYEU02,1,Fe1,3,2.3144377826940841,N4B,2.28,1.8279038270578172,0.29467519931149477
FIZYEU01,1,Fe1B,3,2.3239287747275039,N3,2.104,1.8279038270578172,0.47416217577627162
FIZYEU01,1,Fe1,3,2.3239287747275039,N3B,2.104,1.8279038270578172,0.47416217577627162
FIZYEU01,1,Fe1B,3,2.3239287747275039,N2B,2.11,1.8279038270578172,0.46653506796524247
FIZYEU01,1,Fe1,3,2.3239287747275039,N2,2.11,1.8279038270578172,0.46653506796524247
FIZYEU01,1,Fe1B,3,2.3239287747275039,N6B,2.122,1.8279038270578172,0.45164693507778553
FIZYEU01,1,Fe1,3,2.3239287747275039,N6,2.122,1.8279038270578172,0.45164693507778553
FIZYEU01,1,Fe1B,3,2.3239287747275039,N5B,2.229,1.8279038270578172,0.33822507232542098
FIZYEU01,1,Fe1,3,2.3239287747275039,N5,2.229,1.8279038270578172,0.33822507232542098
FIZYEU01,1,Fe1B,3,2.3239287747275039,N1B,2.275,1.8279038270578172,0.29868432427128888
FIZYEU01,1,Fe1,3,2.3239287747275039,N1,2.275,1.8279038270578172,0.29868432427128888
FIZYEU01,1,Fe1B,3,2.3239287747275039,N4,2.28,1.8279038270578172,0.29467519931149477
FIZYEU01,1,Fe1,3,2.3239287747275039,N4B,2.28,1.8279038270578172,0.29467519931149477
KEFFEG,1,Fe1,3,2.3372790589619368,N2B,1.992,1.8279038270578172,0.64178419920197205
KEFFEG,1,Fe1,3,2.3372790589619368,N2,1.992,1.8279038270578172,0.64178419920197205
KEFFEG,1,Fe1,3,2.3372790589619368,N3,2.002,1.8279038270578172,0.62467098169827806
KEFFEG,1,Fe1,3,2.3372790589619368,N1,2.141,1.8279038270578172,0.42903967885971456
HMSIAF12,1,Fe1,3,2.4379218277513131,N1,1.904,1.8279038270578172,0.81410548552688655
HMSIAF12,1,Fe1,3,2.4379218277513131,N1B,1.905,1.8279038270578172,0.81190817111221336
HMSIAF12,1,Fe1,3,2.4379218277513131,N1A,1.905,1.8279038270578172,0.81190817111221336
ASERIA,1,Fe1,3,2.4977798773981306,N7,2.164,1.8279038270578172,0.40318166580248604
ASERIA,1,Fe1,3,2.4977798773981306,N14,2.179,1.8279038270578172,0.38716335250335482
ASERIA,1,Fe1,3,2.4977798773981306,N12,2.188,1.8279038270578172,0.37785947949564935
ASERIA,1,Fe1,3,2.4977798773981306,N11,2.202,1.8279038270578172,0.36382920529599233
ASERIA,1,Fe1,3,2.4977798773981306,N5,2.338,1.8279038270578172,0.25192135960085027
ASERIA,1,Fe1,3,2.4977798773981306,N9,2.35,1.8279038270578172,0.24388200964311957
ASERIA,1,Fe1,3,2.4977798773981306,N3,2.351,1.8279038270578172,0.24322375900509402
ASERIA,1,Fe1,3,2.4977798773981306,N1,2.377,1.8279038270578172,0.2267190460515838
XEDFUI,1,Fe1,3,2.6276366145129098,N2B,2.106,1.8279038270578172,0.47160605165568126
XEDFUI,1,Fe1,3,2.6276366145129098,N2,2.106,1.8279038270578172,0.47160605165568126
XEDFUI,1,Fe1,3,2.6276366145129098,N2A,2.106,1.8279038270578172,0.47160605165568126
XEDFUI,1,Fe1,3,2.6276366145129098,N3A,2.163,1.8279038270578172,0.40427281984862201
XEDFUI,1,Fe1,3,2.6276366145129098,N3B,2.163,1.8279038270578172,0.40427281984862201
XEDFUI,1,Fe1,3,2.6276366145129098,N3,2.163,1.8279038270578172,0.40427281984862201
XEDFUI,1,Fe2,3,2.681792028413601,N6B,2.11,1.8279038270578172,0.46653506796524247
XEDFUI,1,Fe2,3,2.681792028413601,N6,2.111,1.8279038270578172,0.46527586476858629
XEDFUI,1,Fe2,3,2.681792028413601,N6A,2.112,1.8279038270578172,0.46402006022896497
XEDFUI,1,Fe2,3,2.681792028413601,N8,2.141,1.8279038270578172,0.42903967885971456
XEDFUI,1,Fe2,3,2.681792028413601,N8B,2.141,1.8279038270578172,0.42903967885971456
XEDFUI,1,Fe2,3,2.681792028413601,N8A,2.142,1.8279038270578172,0.42788167773137814
BODGAE02,1,Fe1,3,2.7391119312976566,N4,2.063,1.8279038270578172,0.52972617228968344
BODGAE02,1,Fe1,3,2.7391119312976566,N6,2.064,1.8279038270578172,0.52829641290973262
BODGAE02,1,Fe1,3,2.7391119312976566,N2,2.07,1.8279038270578172,0.51979853200886605
BODGAE02,1,Fe1,3,2.7391119312976566,N5,2.083,1.8279038270578172,0.50185245538861889
BODGAE02,1,Fe1,3,2.7391119312976566,N1,2.231,1.8279038270578172,0.33640176099919789
BODGAE02,1,Fe1,3,2.7391119312976566,N3,2.246,1.8279038270578172,0.32303659770155785
GUWYUS,1,Fe1,3,2.7741145531460329,N1,2.112,1.8279038270578172,0.46402006022896497
GUWYUS,1,Fe1,3,2.7741145531460329,N1W,2.113,1.8279038270578172,0.46276764517322005
GUWYUS,1,Fe1,3,2.7741145531460329,N1X,2.113,1.8279038270578172,0.46276764517322005
GUWYUS,1,Fe1,3,2.7741145531460329,N1A,2.113,1.8279038270578172,0.46276764517322005
GUWYUS,1,Fe1,3,2.7741145531460329,N1B,2.114,1.8279038270578172,0.46151861045295267
GUWYUS,1,Fe1,3,2.7741145531460329,N1V,2.115,1.8279038270578172,0.4602729469444552
GUDYUZ,1,Fe1,3,2.8036395137601953,N2,1.945,1.8279038270578172,0.72871239618066364
GUDYUZ,1,Fe1,3,2.8036395137601953,N3,1.961,1.8279038270578172,0.69787213105669854
GUDYUZ,1,Fe1,3,2.8036395137601953,N1,1.963,1.8279038270578172,0.69411002627817708
GUDYUZ,1,Fe1,3,2.8036395137601953,N4,1.969,1.8279038270578172,0.6829449602446559
SOQLAM,1,Fe1,3,2.8094906050965718,N5,1.968,1.8279038270578172,0.68479325400368818
SOQLAM,1,Fe1,3,2.8094906050965718,N2,2.059,1.8279038270578172,0.53548400908380778
SOQLAM,1,Fe1,3,2.8094906050965718,N4,2.06,1.8279038270578172,0.53403870899321193
SOQLAM,1,Fe1,3,2.8094906050965718,N1,2.063,1.8279038270578172,0.52972617228968344
SOQLAM,1,Fe1,3,2.8094906050965718,N3,2.066,1.8279038270578172,0.52544846072618034
POFJAV,1,Fe1,3,2.8165181759529307,N5,1.953,1.8279038270578172,0.71312556597701149
POFJAV,1,Fe1,3,2.8165181759529307,N2,2.06,1.8279038270578172,0.53403870899321193
POFJAV,1,Fe1,3,2.8165181759529307,N4,2.062,1.8279038270578172,0.53115980111079453
POFJAV,1,Fe1,3,2.8165181759529307,N3,2.07,1.8279038270578172,0.51979853200886605
POFJAV,1,Fe1,3,2.8165181759529307,N1,2.071,1.8279038270578172,0.51839556786304652
WEFFUJ,1,Fe1,3,2.8179126394268019,N4,2.09,1.8279038270578172,0.49244719865076864
WEFFUJ,1,Fe1,3,2.8179126394268019,N6,2.093,1.8279038270578172,0.48847052695456361
WEFFUJ,1,Fe1,3,2.8179126394268019,N1,2.099,1.8279038270578172,0.48061326300158469
WEFFUJ,1,Fe1,3,2.8179126394268019,N2,2.107,1.8279038270578172,0.47033316160178401
WEFFUJ,1,Fe1,3,2.8179126394268019,N5,2.113,1.8279038270578172,0.46276764517322005
WEFFUJ,1,Fe1,3,2.8179126394268019,N3,2.146,1.8279038270578172,0.42328084404488092
XIFCUK,1,Fe1,3,2.8316654153417846,N9,2.07,1.8279038270578172,0.51979853200886605
XIFCUK,1,Fe1,3,2.8316654153417846,N5,2.075,1.8279038270578172,0.51282147596876237
XIFCUK,1,Fe1,3,2.8316654153417846,N8,2.087,1.8279038270578172,0.49645624470101657
XIFCUK,1,Fe1,3,2.8316654153417846,N2,2.13,1.8279038270578172,0.44198641039623199
XIFCUK,1,Fe1,3,2.8316654153417846,N6,2.132,1.8279038270578172,0.43960374011525138
XIFCUK,1,Fe1,3,2.8316654153417846,N3,2.148,1.8279038270578172,0.42099901215165603
ZAWJEM,1,Fe1,3,2.8346633470925053,N1,1.963,1.8279038270578172,0.69411002627817708
ZAWJEM,1,Fe1,3,2.8346633470925053,N3,2.055,1.8279038270578172,0.54130443044762477
ZAWJEM,1,Fe1,3,2.8346633470925053,N4,2.059,1.8279038270578172,0.53548400908380778
ZAWJEM,1,Fe1,3,2.8346633470925053,N2,2.06,1.8279038270578172,0.53403870899321193
ZAWJEM,1,Fe1,3,2.8346633470925053,N5,2.063,1.8279038270578172,0.52972617228968344
NEQRAC,1,Fe1,3,2.8715331050762307,N10,1.973,1.8279038270578172,0.67560153718485927
NEQRAC,1,Fe1A,3,2.8715331050762307,N10A,1.973,1.8279038270578172,0.67560153718485927
NEQRAC,1,Fe1,3,2.8715331050762307,N4,1.979,1.8279038270578172,0.66473418836486931
NEQRAC,1,Fe1A,3,2.8715331050762307,N4A,1.979,1.8279038270578172,0.66473418836486931
NEQRAC,1,Fe1,3,2.8715331050762307,N7,2.05,1.8279038270578172,0.54866900374061134
NEQRAC,1,Fe1A,3,2.8715331050762307,N7A,2.05,1.8279038270578172,0.54866900374061134
NEQRAC,1,Fe1,3,2.8715331050762307,N3,2.225,1.8279038270578172,0.34190139580725504
NEQRAC,1,Fe1A,3,2.8715331050762307,N3A,2.225,1.8279038270578172,0.34190139580725504
NEQRAC,1,Fe1,3,2.8715331050762307,N1,2.233,1.8279038270578172,0.33458827882067621
NEQRAC,1,Fe1A,3,2.8715331050762307,N1A,2.233,1.8279038270578172,0.33458827882067621
NEQRAC,1,Fe1,3,2.8715331050762307,N2,2.266,1.8279038270578172,0.30603870115795967
NEQRAC,1,Fe1A,3,2.8715331050762307,N2A,2.266,1.8279038270578172,0.30603870115795967
YIWGAM,1,Fe1,3,2.8864012325169508,N5,1.998,1.8279038270578172,0.63146081718459601
YIWGAM,1,Fe1,3,2.8864012325169508,N4,2.035,1.8279038270578172,0.5713693754121868
YIWGAM,1,Fe1,3,2.8864012325169508,N3,2.037,1.8279038270578172,0.56828922453371
YIWGAM,1,Fe1,3,2.8864012325169508,N2,2.043,1.8279038270578172,0.55914804161191944
YIWGAM,1,Fe1,3,2.8864012325169508,N1,2.045,1.8279038270578172,0.55613377377453821
TMTZNF,1,Fe1,3,2.8889295881928456,N1,1.737,1.8279038270578172,1.2784980865038214
TMTZNF,1,Fe1,3,2.8889295881928456,N3,2.147,1.8279038270578172,0.422138386320901
TMTZNF,1,Fe1,3,2.8889295881928456,N5,2.162,1.8279038270578172,0.40536692694856269
TMTZNF,1,Fe1,3,2.8889295881928456,N4,2.167,1.8279038270578172,0.39992584238990864
TMTZNF,1,Fe1,3,2.8889295881928456,N2,2.183,1.8279038270578172,0.38300034602965183
CAPVUL,1,Fe1,3,2.898821371335071,N5,2.039,1.8279038270578172,0.56522567820185754
CAPVUL,1,Fe1,3,2.898821371335071,N8,2.048,1.8279038270578172,0.55164281221859424
CAPVUL,1,Fe1,3,2.898821371335071,N9,2.054,1.8279038270578172,0.54276939418375758
CAPVUL,1,Fe1,3,2.898821371335071,N2,2.119,1.8279038270578172,0.45532382341452732
CAPVUL,1,Fe1,3,2.898821371335071,N1,2.17,1.8279038270578172,0.39669631081297951
CAPVUL,1,Fe1,3,2.898821371335071,N10,2.179,1.8279038270578172,0.38716335250335482
LONBOF,1,Fe1,3,2.9138823575965755,N8,2.043,1.8279038270578172,0.55914804161191944
LONBOF,1,Fe1,3,2.9138823575965755,N4,2.043,1.8279038270578172,0.55914804161191944
LONBOF,1,Fe1,3,2.9138823575965755,N9,2.071,1.8279038270578172,0.51839556786304652
LONBOF,1,Fe1,3,2.9138823575965755,N1,2.071,1.8279038270578172,0.51839556786304652
LONBOF,1,Fe1,3,2.9138823575965755,N10,2.185,1.8279038270578172,0.38093565915099409
LONBOF,1,Fe1,3,2.9138823575965755,N7,2.188,1.8279038270578172,0.37785947949564935
LONBOF,1,Fe2,3,2.9217044817176716,N15,2.039,1.8279038270578172,0.56522567820185754
LONBOF,1,Fe2,3,2.9217044817176716,N19,2.051,1.8279038270578172,0.54718811664153533
LONBOF,1,Fe2,3,2.9217044817176716,N20,2.055,1.8279038270578172,0.54130443044762477
LONBOF,1,Fe2,3,2.9217044817176716,N12,2.102,1.8279038270578172,0.47673215419431475
LONBOF,1,Fe2,3,2.9217044817176716,N21,2.17,1.8279038270578172,0.39669631081297951
LONBOF,1,Fe2,3,2.9217044817176716,N18,2.172,1.8279038270578172,0.39455779141935976
WEGJIC,1,Fe1,3,2.9230941532003767,N5,1.904,1.8279038270578172,0.81410548552688655
WEGJIC,1,Fe1,3,2.9230941532003767,N2,2.061,1.8279038270578172,0.53259730984515863
WEGJIC,1,Fe1,3,2.9230941532003767,N3,2.064,1.8279038270578172,0.52829641290973262
WEGJIC,1,Fe1,3,2.9230941532003767,N4,2.064,1.8279038270578172,0.52829641290973262
WEGJIC,1,Fe1,3,2.9230941532003767,N1,2.07,1.8279038270578172,0.51979853200886605
SICCEM,1,Fe1,3,2.936866061898435,N1B,2.014,1.8279038270578172,0.60473639322881068
SICCEM,1,Fe1,3,2.936866061898435,N1,2.014,1.8279038270578172,0.60473639322881068
SICCEM,1,Fe1,3,2.936866061898435,N4,2.032,1.8279038270578172,0.57602093225727635
SICCEM,1,Fe1,3,2.936866061898435,N10,2.163,1.8279038270578172,0.40427281984862201
SICCEM,1,Fe1,3,2.936866061898435,N10B,2.163,1.8279038270578172,0.40427281984862201
SICCEM,1,Fe1,3,2.936866061898435,N8,2.224,1.8279038270578172,0.34282670348629324
ELUJUQ,1,Fe1,3,2.9398549875042082,N8,1.976,1.8279038270578172,0.67014583448577503
ELUJUQ,1,Fe1,3,2.9398549875042082,N3,1.977,1.8279038270578172,0.66833707489843996
ELUJUQ,1,Fe1,3,2.9398549875042082,N11,2.039,1.8279038270578172,0.56522567820185754
ELUJUQ,1,Fe1,3,2.9398549875042082,N5,2.205,1.8279038270578172,0.36089116583324898
ELUJUQ,1,Fe1,3,2.9398549875042082,N9,2.214,1.8279038270578172,0.35221863638332884
ELUJUQ,1,Fe1,3,2.9398549875042082,N12,2.246,1.8279038270578172,0.32303659770155785
QOHFOI,1,Fe1,3,2.9573843467256773,N7,2.005,1.8279038270578172,0.61962655984114035
QOHFOI,1,Fe1,3,2.9573843467256773,N3,2.076,1.8279038270578172,0.51143734327179302
QOHFOI,1,Fe1,3,2.9573843467256773,N11,2.083,1.8279038270578172,0.50185245538861889
QOHFOI,1,Fe1,3,2.9573843467256773,N1,2.121,1.8279038270578172,0.45286925350750362
QOHFOI,1,Fe1,3,2.9573843467256773,N5,2.121,1.8279038270578172,0.45286925350750362
QOHFOI,1,Fe1,3,2.9573843467256773,N9,2.15,1.8279038270578172,0.41872948120911763
ERUPOW,1,Fe1,3,2.9726704036714735,N7,2.039,1.8279038270578172,0.56522567820185754
ERUPOW,1,Fe1,3,2.9726704036714735,N11,2.066,1.8279038270578172,0.52544846072618034
ERUPOW,1,Fe1,3,2.9726704036714735,N8,2.087,1.8279038270578172,0.49645624470101657
ERUPOW,1,Fe1,3,2.9726704036714735,N6,2.167,1.8279038270578172,0.39992584238990864
ERUPOW,1,Fe1,3,2.9726704036714735,N3,2.22,1.8279038270578172,0.34655304420834893
ERUPOW,1,Fe1,3,2.9726704036714735,N1,2.232,1.8279038270578172,0.33549379458488648
ERUPOW,1,Fe1,3,2.9726704036714735,N2,2.269,1.8279038270578172,0.30356733885927528
FETKUL,1,Fe1,3,2.9948055033608147,N1C,2.029,1.8279038270578172,0.58071035774218849
FETKUL,1,Fe1,3,2.9948055033608147,N1,2.029,1.8279038270578172,0.58071035774218849
FETKUL,1,Fe1,3,2.9948055033608147,N4C,2.059,1.8279038270578172,0.53548400908380778
FETKUL,1,Fe1,3,2.9948055033608147,N4,2.059,1.8279038270578172,0.53548400908380778
FETKUL,1,Fe1,3,2.9948055033608147,N7,2.171,1.8279038270578172,0.39562560617151327
FETKUL,1,Fe1,3,2.9948055033608147,N8*,2.199,1.8279038270578172,0.36679116353730901
CAPVOF,1,Fe1,3,3.0259114119992283,N7,2.017,1.8279038270578172,0.59985294967342639
CAPVOF,1,Fe1B,3,3.0259114119992283,N7B,2.017,1.8279038270578172,0.59985294967342639
CAPVOF,1,Fe1,3,3.0259114119992283,N9,2.027,1.8279038270578172,0.5838578316715205
CAPVOF,1,Fe1B,3,3.0259114119992283,N9B,2.027,1.8279038270578172,0.5838578316715205
CAPVOF,1,Fe1,3,3.0259114119992283,N6,2.044,1.8279038270578172,0.55763887102701093
CAPVOF,1,Fe1B,3,3.0259114119992283,N6B,2.044,1.8279038270578172,0.55763887102701093
CAPVOF,1,Fe1,3,3.0259114119992283,N2,2.05,1.8279038270578172,0.54866900374061134
CAPVOF,1,Fe1B,3,3.0259114119992283,N2B,2.05,1.8279038270578172,0.54866900374061134
CAPVOF,1,Fe1,3,3.0259114119992283,N4,2.187,1.8279038270578172,0.37888210263279493
CAPVOF,1,Fe1B,3,3.0259114119992283,N4B,2.187,1.8279038270578172,0.37888210263279493
CAPVOF,1,Fe1,3,3.0259114119992283,N5,2.209,1.8279038270578172,0.35701065325386427
CAPVOF,1,Fe1B,3,3.0259114119992283,N5B,2.209,1.8279038270578172,0.35701065325386427
FERDIQ,1,Fe1B,3,3.0416435043842882,N9B,1.99,1.8279038270578172,0.64526269585407148
FERDIQ,1,Fe1B,3,3.0416435043842882,N1B,2.055,1.8279038270578172,0.54130443044762477
FERDIQ,1,Fe1B,3,3.0416435043842882,N2B,2.058,1.8279038270578172,0.53693322067429494
FERDIQ,1,Fe1B,3,3.0416435043842882,N8B,2.083,1.8279038270578172,0.50185245538861889
FERDIQ,1,Fe1B,3,3.0416435043842882,N4B,2.155,1.8279038270578172,0.41310903621719242
FERDIQ,1,Fe1B,3,3.0416435043842882,N5B,2.164,1.8279038270578172,0.40318166580248604
FERDIQ,1,Fe1,3,3.0416435043842887,N9,1.99,1.8279038270578172,0.64526269585407148
FERDIQ,1,Fe1,3,3.0416435043842887,N1,2.055,1.8279038270578172,0.54130443044762477
FERDIQ,1,Fe1,3,3.0416435043842887,N2,2.058,1.8279038270578172,0.53693322067429494
FERDIQ,1,Fe1,3,3.0416435043842887,N8,2.083,1.8279038270578172,0.50185245538861889
FERDIQ,1,Fe1,3,3.0416435043842887,N4,2.155,1.8279038270578172,0.41310903621719242
FERDIQ,1,Fe1,3,3.0416435043842887,N5,2.164,1.8279038270578172,0.40318166580248604
XIFCUK,1,Fe2,3,3.0746747850019438,N12,2.028,1.8279038270578172,0.58228196803657517
XIFCUK,1,Fe2,3,3.0746747850019438,N18,2.052,1.8279038270578172,0.54571122653624882
XIFCUK,1,Fe2,3,3.0746747850019438,N13,2.071,1.8279038270578172,0.51839556786304652
XIFCUK,1,Fe2,3,3.0746747850019438,N15,2.077,1.8279038270578172,0.51005694642328681
XIFCUK,1,Fe2,3,3.0746747850019438,N19,2.096,1.8279038270578172,0.48452596817893701
XIFCUK,1,Fe2,3,3.0746747850019438,N16,2.137,1.8279038270578172,0.43370310796384953
RUXBIW,1,Fe1,3,3.0770882896493585,N3,1.67,1.8279038270578172,1.5322957487227045
RUXBIW,1,Fe1,3,3.0770882896493585,N2,1.918,1.8279038270578172,0.78387699104890463
RUXBIW,1,Fe1,3,3.0770882896493585,N1,1.929,1.8279038270578172,0.76091554987774923
FIDFOO,1,Fe2,3,3.1331068329250691,N13,1.992,1.8279038270578172,0.64178419920197205
FIDFOO,1,Fe2,3,3.1331068329250691,N15,2.016,1.8279038270578172,0.60147636668029769
FIDFOO,1,Fe2,3,3.1331068329250691,N14,2.029,1.8279038270578172,0.58071035774218849
FIDFOO,1,Fe2,3,3.1331068329250691,N17,2.11,1.8279038270578172,0.46653506796524247
FIDFOO,1,Fe2,3,3.1331068329250691,N18,2.134,1.8279038270578172,0.43723391438680581
FIDFOO,1,Fe2,3,3.1331068329250691,N16,2.162,1.8279038270578172,0.40536692694856269
AKAGEY,1,Fe1,3,3.1562228882630201,N1A,2.027,1.8279038270578172,0.5838578316715205
AKAGEY,1,Fe1,3,3.1562228882630201,N1,2.027,1.8279038270578172,0.5838578316715205
AKAGEY,1,Fe1,3,3.1562228882630201,N2A,2.036,1.8279038270578172,0.56982721879118925
AKAGEY,1,Fe1,3,3.1562228882630201,N2,2.036,1.8279038270578172,0.56982721879118925
AKAGEY,1,Fe1,3,3.1562228882630201,N3A,2.145,1.8279038270578172,0.42442639366880031
AKAGEY,1,Fe1,3,3.1562228882630201,N3,2.145,1.8279038270578172,0.42442639366880031
NEPPIJ,1,Fe1,3,3.162071812650435,N4,2.053,1.8279038270578172,0.54423832263665073
NEPPIJ,1,Fe1,3,3.162071812650435,N6,2.059,1.8279038270578172,0.53548400908380778
NEPPIJ,1,Fe1,3,3.162071812650435,N2,2.061,1.8279038270578172,0.53259730984515863
NEPPIJ,1,Fe1,3,3.162071812650435,N1,2.066,1.8279038270578172,0.52544846072618034
NEPPIJ,1,Fe1,3,3.162071812650435,N3,2.072,1.8279038270578172,0.51699639039278211
NEPPIJ,1,Fe1,3,3.162071812650435,N5,2.079,1.8279038270578172,0.50730731996585565
GEMBEH,1,Fe1,3,3.1699950854955627,N3A,2.058,1.8279038270578172,0.53693322067429494
GEMBEH,1,Fe1,3,3.1699950854955627,N3,2.058,1.8279038270578172,0.53693322067429494
GEMBEH,1,Fe1,3,3.1699950854955627,N1A,2.066,1.8279038270578172,0.52544846072618034
GEMBEH,1,Fe1,3,3.1699950854955627,N1,2.066,1.8279038270578172,0.52544846072618034
GEMBEH,1,Fe1,3,3.1699950854955627,N2A,2.068,1.8279038270578172,0.52261586134730598
GEMBEH,1,Fe1,3,3.1699950854955627,N2,2.068,1.8279038270578172,0.52261586134730598
EVOKOP,1,Fe2,3,3.1783570337381009,N7A,2.063,1.8279038270578172,0.52972617228968344
EVOKOP,1,Fe2,3,3.1783570337381009,N7B,2.063,1.8279038270578172,0.52972617228968344
EVOKOP,1,Fe2,3,3.1783570337381009,N7K,2.063,1.8279038270578172,0.52972617228968344
EVOKOP,1,Fe2,3,3.1783570337381009,N7I,2.063,1.8279038270578172,0.52972617228968344
EVOKOP,1,Fe2,3,3.1783570337381009,N7J,2.063,1.8279038270578172,0.52972617228968344
EVOKOP,1,Fe2,3,3.1783570337381009,N7,2.063,1.8279038270578172,0.52972617228968344
GEMBEH,1,Fe2,3,3.1898958610270718,N6A,2.06,1.8279038270578172,0.53403870899321193
GEMBEH,1,Fe2,3,3.1898958610270718,N4A,2.06,1.8279038270578172,0.53403870899321193
GEMBEH,1,Fe2,3,3.1898958610270718,N4,2.06,1.8279038270578172,0.53403870899321193
GEMBEH,1,Fe2,3,3.1898958610270718,N6,2.06,1.8279038270578172,0.53403870899321193
GEMBEH,1,Fe2,3,3.1898958610270718,N5,2.065,1.8279038270578172,0.52687051252711192
GEMBEH,1,Fe2,3,3.1898958610270718,N5A,2.065,1.8279038270578172,0.52687051252711192
FEXXOW,1,Fe4,3,3.2242207579187125,N19,2.037,1.8279038270578172,0.56828922453371
FEXXOW,1,Fe4,3,3.2242207579187125,N19B,2.037,1.8279038270578172,0.56828922453371
FEXXOW,1,Fe4,3,3.2242207579187125,N20B,2.068,1.8279038270578172,0.52261586134730598
FEXXOW,1,Fe4,3,3.2242207579187125,N20,2.068,1.8279038270578172,0.52261586134730598
FEXXOW,1,Fe4,3,3.2242207579187125,N21B,2.069,1.8279038270578172,0.5212052930783404
FEXXOW,1,Fe4,3,3.2242207579187125,N21,2.069,1.8279038270578172,0.5212052930783404
SABLAJ,1,Fe1,3,3.2361936479896714,N1A,2.054,1.8279038270578172,0.54276939418375758
SABLAJ,1,Fe1,3,3.2361936479896714,N1,2.054,1.8279038270578172,0.54276939418375758
SABLAJ,1,Fe1,3,3.2361936479896714,N3A,2.056,1.8279038270578172,0.53984342072727032
SABLAJ,1,Fe1,3,3.2361936479896714,N3,2.056,1.8279038270578172,0.53984342072727032
SABLAJ,1,Fe1,3,3.2361936479896714,N5,2.059,1.8279038270578172,0.53548400908380778
SABLAJ,1,Fe1,3,3.2361936479896714,N5A,2.059,1.8279038270578172,0.53548400908380778
NUKKUA,1,Fe1,3,3.2544173563052556,N2,1.959,1.8279038270578172,0.70165462659724442
NUKKUA,1,Fe1,3,3.2544173563052556,N1,1.962,1.8279038270578172,0.69598853670629723
NUKKUA,1,Fe1,3,3.2544173563052556,N4,1.975,1.8279038270578172,0.67195948922462467
NUKKUA,1,Fe1,3,3.2544173563052556,N3,1.982,1.8279038270578172,0.65936624305090907
NUKKUA,1,Fe1,3,3.2544173563052556,N5,2.066,1.8279038270578172,0.52544846072618034
WUCCIG,1,Fe1A,3,3.2642113201946725,N3A,2.032,1.8279038270578172,0.57602093225727635
WUCCIG,1,Fe1,3,3.2642113201946725,N3,2.032,1.8279038270578172,0.57602093225727635
WUCCIG,1,Fe1A,3,3.2642113201946725,N4A,2.05,1.8279038270578172,0.54866900374061134
WUCCIG,1,Fe1,3,3.2642113201946725,N4,2.05,1.8279038270578172,0.54866900374061134
WUCCIG,1,Fe1A,3,3.2642113201946725,N1A,2.051,1.8279038270578172,0.54718811664153533
WUCCIG,1,Fe1,3,3.2642113201946725,N1,2.051,1.8279038270578172,0.54718811664153533
WUCCIG,1,Fe1A,3,3.2642113201946725,N5A,2.053,1.8279038270578172,0.54423832263665073
WUCCIG,1,Fe1,3,3.2642113201946725,N5,2.053,1.8279038270578172,0.54423832263665073
WUCCIG,1,Fe1A,3,3.2642113201946725,N2A,2.064,1.8279038270578172,0.52829641290973262
WUCCIG,1,Fe1,3,3.2642113201946725,N2,2.064,1.8279038270578172,0.52829641290973262
WUCCIG,1,Fe1A,3,3.2642113201946725,N6A,2.07,1.8279038270578172,0.51979853200886605
WUCCIG,1,Fe1,3,3.2642113201946725,N6,2.07,1.8279038270578172,0.51979853200886605
VIPNUF,1,Fe1,3,3.2653285894104003,N1,1.748,1.8279038270578172,1.2410481307889454
VIPNUF,1,Fe1,3,3.2653285894104003,N4,2.025,1.8279038270578172,0.58702236503849503
VIPNUF,1,Fe1,3,3.2653285894104003,N2,2.035,1.8279038270578172,0.5713693754121868
VIPNUF,1,Fe1,3,3.2653285894104003,N5,2.051,1.8279038270578172,0.54718811664153533
VIPNUF,1,Fe1,3,3.2653285894104003,N3,2.251,1.8279038270578172,0.3187006015292379
NUKKOU,1,Fe1,3,3.2667163096352563,N4,1.952,1.8279038270578172,0.71505553926875298
NUKKOU,1,Fe1,3,3.2667163096352563,N5,1.956,1.8279038270578172,0.70736684451036358
NUKKOU,1,Fe1,3,3.2667163096352563,N3,1.969,1.8279038270578172,0.6829449602446559
NUKKOU,1,Fe1,3,3.2667163096352563,N6,1.985,1.8279038270578172,0.65404164564562839
NUKKOU,1,Fe1,3,3.2667163096352563,N2,2.079,1.8279038270578172,0.50730731996585565
YEXVAZ,1,Fe1,3,3.285285834635471,N3,1.897,1.8279038270578172,0.82965409890929898
YEXVAZ,1,Fe1,3,3.285285834635471,N4,1.898,1.8279038270578172,0.82741481795230376
YEXVAZ,1,Fe1,3,3.285285834635471,N2,1.903,1.8279038270578172,0.81630874666165476
YEXVAZ,1,Fe1,3,3.285285834635471,N1,1.905,1.8279038270578172,0.81190817111221336
YEXVAZ,1,Fe2,3,3.3010389880671807,N8,1.893,1.8279038270578172,0.83867198993863556
YEXVAZ,1,Fe2,3,3.3010389880671807,N7,1.897,1.8279038270578172,0.82965409890929898
YEXVAZ,1,Fe2,3,3.3010389880671807,N6,1.899,1.8279038270578172,0.82518158093483773
YEXVAZ,1,Fe2,3,3.3010389880671807,N5,1.907,1.8279038270578172,0.80753131828440827
NAYXEQ,1,Fe2,3,3.3102516609936012,N10,1.747,1.8279038270578172,1.2444068516937363
NAYXEQ,1,Fe2,3,3.3102516609936012,N9,2.031,1.8279038270578172,0.57757985128609735
NAYXEQ,1,Fe2,3,3.3102516609936012,N7,2.037,1.8279038270578172,0.56828922453371
NAYXEQ,1,Fe2,3,3.3102516609936012,N8,2.051,1.8279038270578172,0.54718811664153533
NAYXEQ,1,Fe2,3,3.3102516609936012,N6,2.193,1.8279038270578172,0.37278761683852218
NAYXEQ,1,Fe4,3,3.3133048980507822,N20,1.739,1.8279038270578172,1.2716059302669995
NAYXEQ,1,Fe4,3,3.3133048980507822,N17,2.045,1.8279038270578172,0.55613377377453821
NAYXEQ,1,Fe4,3,3.3133048980507822,N19,2.048,1.8279038270578172,0.55164281221859424
NAYXEQ,1,Fe4,3,3.3133048980507822,N18,2.052,1.8279038270578172,0.54571122653624882
NAYXEQ,1,Fe4,3,3.3133048980507822,N16,2.178,1.8279038270578172,0.38821115525440142
NAYXEQ,1,Fe3,3,3.3251622194667547,N15,1.738,1.8279038270578172,1.2750473515259235
NAYXEQ,1,Fe3,3,3.3251622194667547,N12,2.033,1.8279038270578172,0.5744662208346123
NAYXEQ,1,Fe3,3,3.3251622194667547,N14,2.043,1.8279038270578172,0.55914804161191944
NAYXEQ,1,Fe3,3,3.3251622194667547,N13,2.046,1.8279038270578172,0.55463273886035847
NAYXEQ,1,Fe3,3,3.3251622194667547,N11,2.204,1.8279038270578172,0.36186786663394072
FILKOC,1,Fe1,3,3.3258547263073046,N2K,2.032,1.8279038270578172,0.57602093225727635
FILKOC,1,Fe1,3,3.3258547263073046,N2D,2.032,1.8279038270578172,0.57602093225727635
FILKOC,1,Fe1,3,3.3258547263073046,N2,2.032,1.8279038270578172,0.57602093225727635
FILKOC,1,Fe1,3,3.3258547263073046,N1D,2.061,1.8279038270578172,0.53259730984515863
FILKOC,1,Fe1,3,3.3258547263073046,N1K,2.061,1.8279038270578172,0.53259730984515863
FILKOC,1,Fe1,3,3.3258547263073046,N1,2.061,1.8279038270578172,0.53259730984515863
LOCXAC,1,Fe1,3,3.3687161814052571,N5,1.748,1.8279038270578172,1.2410481307889454
LOCXAC,1,Fe1,3,3.3687161814052571,N3,2.017,1.8279038270578172,0.59985294967342639
LOCXAC,1,Fe1,3,3.3687161814052571,N1,2.023,1.8279038270578172,0.59020405030596157
LOCXAC,1,Fe1,3,3.3687161814052571,N2,2.036,1.8279038270578172,0.56982721879118925
LOCXAC,1,Fe1,3,3.3687161814052571,N4,2.198,1.8279038270578172,0.36778383184573482
LOCWOP,1,Fe1,3,3.4154293797296496,N3,1.735,1.8279038270578172,1.2854275985098027
LOCWOP,1,Fe1,3,3.4154293797296496,N5,2.025,1.8279038270578172,0.58702236503849503
LOCWOP,1,Fe1,3,3.4154293797296496,N1,2.027,1.8279038270578172,0.5838578316715205
LOCWOP,1,Fe1,3,3.4154293797296496,N4,2.028,1.8279038270578172,0.58228196803657517
LOCWOP,1,Fe1,3,3.4154293797296496,N2,2.189,1.8279038270578172,0.37683961647325598
NAYXEQ,1,Fe1,3,3.4162981761102134,N5,1.745,1.8279038270578172,1.2511515878104071
NAYXEQ,1,Fe1,3,3.4162981761102134,N2,2.015,1.8279038270578172,0.60310417723525367
NAYXEQ,1,Fe1,3,3.4162981761102134,N3,2.017,1.8279038270578172,0.59985294967342639
NAYXEQ,1,Fe1,3,3.4162981761102134,N4,2.028,1.8279038270578172,0.58228196803657517
NAYXEQ,1,Fe1,3,3.4162981761102134,N1,2.186,1.8279038270578172,0.37990749335455115
LOCWUV,1,Fe1,3,3.4163861379793148,N5,1.737,1.8279038270578172,1.2784980865038214
LOCWUV,1,Fe1,3,3.4163861379793148,N2,2.02,1.8279038270578172,0.59500894151704509
LOCWUV,1,Fe1,3,3.4163861379793148,N3,2.027,1.8279038270578172,0.5838578316715205
LOCWUV,1,Fe1,3,3.4163861379793148,N1,2.032,1.8279038270578172,0.57602093225727635
LOCWUV,1,Fe1,3,3.4163861379793148,N4,2.183,1.8279038270578172,0.38300034602965183
VIPTUJ,1,Fe1,3,3.4281242665938927,N2C,1.882,1.8279038270578172,0.86397981491601417
VIPTUJ,1,Fe1,3,3.4281242665938927,N2,1.882,1.8279038270578172,0.86397981491601417
VIPTUJ,1,Fe1,3,3.4281242665938927,N1C,1.888,1.8279038270578172,0.85008231838093218
VIPTUJ,1,Fe1,3,3.4281242665938927,N1,1.888,1.8279038270578172,0.85008231838093218
